date,day_of_year,cam_angle_deg,sunrise_utc,sunset_utc,sunrise_min_utc,sunset_min_utc,daylight_min,sunrise_azimuth_deg,sunset_azimuth_deg,azimuth_mirror_error_deg
2025-01-01,1,0.000000000,2025-01-01T07:28:26.036509Z,2025-01-01T16:39:04.519683Z,448.433941817,999.075328050,550.641386243,120.861259153,239.186558332,0.047817486
2025-01-02,2,0.986301370,2025-01-02T07:28:30.012611Z,2025-01-02T16:39:57.474113Z,448.500210183,999.957901883,551.457691704,120.732830223,239.319235306,0.052065529
2025-01-03,3,1.972602740,2025-01-03T07:28:31.608003Z,2025-01-03T16:40:52.050837Z,448.526800050,1000.867513950,552.340713901,120.593526331,239.462772763,0.056299093
2025-01-04,4,2.958904110,2025-01-04T07:28:30.814002Z,2025-01-04T16:41:48.189119Z,448.513566700,1001.803151983,553.289585280,120.443440488,239.617074420,0.060514908
2025-01-05,5,3.945205479,2025-01-05T07:28:27.625519Z,2025-01-05T16:42:45.828990Z,448.460425317,1002.763816500,554.303391178,120.282673661,239.782038487,0.064712148
2025-01-06,6,4.931506849,2025-01-06T07:28:22.041381Z,2025-01-06T16:43:44.910243Z,448.367356350,1003.748504050,555.381147705,120.111334683,239.957554232,0.068888915
2025-01-07,7,5.917808219,2025-01-07T07:28:14.063813Z,2025-01-07T16:44:45.373281Z,448.234396883,1004.756221350,556.521824459,119.929538748,240.143503777,0.073042525
2025-01-08,8,6.904109589,2025-01-08T07:28:03.700014Z,2025-01-08T16:45:47.159093Z,448.061666900,1005.785984883,557.724317975,119.737410719,240.339761622,0.077172341
2025-01-09,9,7.890410959,2025-01-09T07:27:50.960098Z,2025-01-09T16:46:50.209517Z,447.849334967,1006.836825283,558.987490321,119.535079977,240.546196152,0.081276128
2025-01-10,10,8.876712329,2025-01-10T07:27:35.857387Z,2025-01-10T16:47:54.468011Z,447.597623117,1007.907800183,560.310177059,119.322680411,240.762672870,0.085353281
2025-01-11,11,9.863013699,2025-01-11T07:27:18.408814Z,2025-01-11T16:48:59.878355Z,447.306813567,1008.997972583,561.691159015,119.100351941,240.989052482,0.089404423
2025-01-12,12,10.849315068,2025-01-12T07:26:58.632312Z,2025-01-12T16:50:06.386032Z,446.977205200,1010.106433867,563.129228653,118.868233385,241.225195648,0.093429033
2025-01-13,13,11.835616438,2025-01-13T07:26:36.547695Z,2025-01-13T16:51:13.937559Z,446.609128250,1011.232292650,564.623164396,118.626464805,241.470962724,0.097427529
2025-01-14,14,12.821917808,2025-01-14T07:26:12.176054Z,2025-01-14T16:52:22.480491Z,446.202934233,1012.374674850,566.171740617,118.375186940,241.726213773,0.101400713
2025-01-15,15,13.808219178,2025-01-15T07:25:45.539297Z,2025-01-15T16:53:31.962752Z,445.758988283,1013.532712533,567.773724259,118.114540927,241.990807318,0.105348244
2025-01-16,16,14.794520548,2025-01-16T07:25:16.660263Z,2025-01-16T16:54:42.332839Z,445.277671050,1014.705547317,569.427876263,117.844669257,242.264600479,0.109269736
2025-01-17,17,15.780821918,2025-01-17T07:24:45.562447Z,2025-01-17T16:55:53.539233Z,444.759374117,1015.892320550,571.132946436,117.565716160,242.547447024,0.113163184
2025-01-18,18,16.767123288,2025-01-18T07:24:12.271128Z,2025-01-18T16:57:05.530488Z,444.204518800,1017.092174800,572.887655990,117.277831679,242.839197557,0.117029236
2025-01-19,19,17.753424658,2025-01-19T07:23:36.811320Z,2025-01-19T16:58:18.255274Z,443.613522000,1018.304254567,574.690732572,116.981165708,243.139699272,0.120864980
2025-01-20,20,18.739726027,2025-01-20T07:22:59.210308Z,2025-01-20T16:59:31.662306Z,442.986838467,1019.527705100,576.540866637,116.675875258,243.448795135,0.124670393
2025-01-21,21,19.726027397,2025-01-21T07:22:19.495156Z,2025-01-21T17:00:45.700502Z,442.324919267,1020.761675033,578.436755765,116.362117886,243.766324996,0.128442882
2025-01-22,22,20.712328767,2025-01-22T07:21:37.694307Z,2025-01-22T17:02:00.319341Z,441.628238450,1022.005322350,580.377083904,116.040055176,244.092125340,0.132180516
2025-01-23,23,21.698630137,2025-01-23T07:20:53.837755Z,2025-01-23T17:03:15.468704Z,440.897295917,1023.257811733,582.360515811,115.709854070,244.426029847,0.135883918
2025-01-24,24,22.684931507,2025-01-24T07:20:07.955120Z,2025-01-24T17:04:31.099099Z,440.132585333,1024.518318317,584.385732987,115.371680984,244.767869279,0.139550263
2025-01-25,25,23.671232877,2025-01-25T07:19:20.077348Z,2025-01-25T17:05:47.160699Z,439.334622467,1025.786011650,586.451389185,115.025707215,245.117469862,0.143177076
2025-01-26,26,24.657534247,2025-01-26T07:18:30.236123Z,2025-01-26T17:07:03.605136Z,438.503935383,1027.060085600,588.556150224,114.672107716,245.474657424,0.146765139
2025-01-27,27,25.643835616,2025-01-27T07:17:38.462808Z,2025-01-27T17:08:20.383521Z,437.641046800,1028.339725350,590.698678556,114.311057857,245.839253473,0.150311330
2025-01-28,28,26.630136986,2025-01-28T07:16:44.789683Z,2025-01-28T17:09:37.447629Z,436.746494717,1029.624127150,592.877632433,113.942737315,246.211077463,0.153814779
2025-01-29,29,27.616438356,2025-01-29T07:15:49.248241Z,2025-01-29T17:10:54.750570Z,435.820804017,1030.912509500,595.091705483,113.567324493,246.589950291,0.157274785
2025-01-30,30,28.602739726,2025-01-30T07:14:51.870765Z,2025-01-30T17:12:12.246122Z,434.864512750,1032.204102033,597.339589286,113.184999916,246.975691409,0.160691325
2025-01-31,31,29.589041096,2025-01-31T07:13:52.688822Z,2025-01-31T17:13:29.890210Z,433.878147033,1033.498170167,599.620023134,112.795941129,247.368122443,0.164063572
2025-02-01,32,30.575342466,2025-02-01T07:12:51.735415Z,2025-02-01T17:14:47.640292Z,432.862256917,1034.794004867,601.931747946,112.400327013,247.767064598,0.167391611
2025-02-02,33,31.561643836,2025-02-02T07:11:49.042822Z,2025-02-02T17:16:05.456432Z,431.817380367,1036.090940533,604.273560165,111.998333208,248.172340850,0.170674058
2025-02-03,34,32.547945205,2025-02-03T07:10:44.646028Z,2025-02-03T17:17:23.300791Z,430.744100467,1037.388346517,606.644246060,111.590138122,248.583772489,0.173910611
2025-02-04,35,33.534246575,2025-02-04T07:09:38.580705Z,2025-02-04T17:18:41.138444Z,429.643011750,1038.685640733,609.042628977,111.175918825,249.001181550,0.177100375
2025-02-05,36,34.520547945,2025-02-05T07:08:30.884315Z,2025-02-05T17:19:58.937006Z,428.514738583,1039.982283433,611.467544851,110.755852901,249.424389715,0.180242616
2025-02-06,37,35.506849315,2025-02-06T07:07:21.594879Z,2025-02-06T17:21:16.667744Z,427.359914650,1041.277795733,613.917881083,110.330114833,249.853222381,0.183337214
2025-02-07,38,36.493150685,2025-02-07T07:06:10.752361Z,2025-02-07T17:22:34.304291Z,426.179206017,1042.571738183,616.392532169,109.898878849,250.287505907,0.186384756
2025-02-08,39,37.479452055,2025-02-08T07:04:58.396750Z,2025-02-08T17:23:51.823895Z,424.973279167,1043.863731583,618.890452410,109.462314023,250.727072668,0.189386692
2025-02-09,40,38.465753425,2025-02-09T07:03:44.568404Z,2025-02-09T17:25:09.206600Z,423.742806733,1045.153443333,621.410636610,109.020584572,251.171758872,0.192343444
2025-02-10,41,39.452054795,2025-02-10T07:02:29.307730Z,2025-02-10T17:26:26.435389Z,422.488462167,1046.440589817,623.952127656,108.573850442,251.621406995,0.195257437
2025-02-11,42,40.438356164,2025-02-11T07:01:12.654926Z,2025-02-11T17:27:43.495043Z,421.210915433,1047.724917383,626.514001951,108.122266749,252.075862354,0.198129103
2025-02-12,43,41.424657534,2025-02-12T06:59:54.649338Z,2025-02-12T17:29:00.372542Z,419.910822300,1049.006209033,629.095386736,107.665983616,252.534975010,0.200958627
2025-02-13,44,42.410958904,2025-02-13T06:58:35.330037Z,2025-02-13T17:30:17.056546Z,418.588833950,1050.284275767,631.695441814,107.205148393,252.998598079,0.203746472
2025-02-14,45,43.397260274,2025-02-14T06:57:14.736006Z,2025-02-14T17:31:33.536273Z,417.245600100,1051.558937883,634.313337783,106.739907548,253.466584995,0.206492543
2025-02-15,46,44.383561644,2025-02-15T06:55:52.905017Z,2025-02-15T17:32:49.802366Z,415.881750283,1052.830039433,636.948289149,106.270404319,253.938791397,0.209195715
2025-02-16,47,45.369863014,2025-02-16T06:54:29.875065Z,2025-02-16T17:34:05.846310Z,414.497917750,1054.097438500,639.599520759,105.796782899,254.415073635,0.211856534
2025-02-17,48,46.356164384,2025-02-17T06:53:05.683302Z,2025-02-17T17:35:21.659731Z,413.094721700,1055.360995517,642.266273809,105.319185753,254.895286293,0.214472046
2025-02-18,49,47.342465753,2025-02-18T06:51:40.367250Z,2025-02-18T17:36:37.235551Z,411.672787500,1056.620592517,644.947805027,104.837757481,255.379286155,0.217043636
2025-02-19,50,48.328767123,2025-02-19T06:50:13.963462Z,2025-02-19T17:37:52.566836Z,410.232724367,1057.876113933,647.643389573,104.352640600,255.866927844,0.219568444
2025-02-20,51,49.315068493,2025-02-20T06:48:46.508902Z,2025-02-20T17:39:07.647417Z,408.775148367,1059.127456950,650.352308587,103.863979775,256.358066731,0.222046507
2025-02-21,52,50.301369863,2025-02-21T06:47:18.039317Z,2025-02-21T17:40:22.471767Z,407.300655283,1060.374529450,653.073874155,103.371917495,256.852558088,0.224475583
2025-02-22,53,51.287671233,2025-02-22T06:45:48.591244Z,2025-02-22T17:41:37.034127Z,405.809854067,1061.617235450,655.807381385,102.876599841,257.350255280,0.226855121
2025-02-23,54,52.273972603,2025-02-23T06:44:18.199883Z,2025-02-23T17:42:51.329467Z,404.303331383,1062.855491117,658.552159728,102.378171409,257.851012164,0.229183573
2025-02-24,55,53.260273973,2025-02-24T06:42:46.900165Z,2025-02-24T17:44:05.352001Z,402.781669417,1064.089200017,661.307530597,101.876778787,258.354680091,0.231458878
2025-02-25,56,54.246575342,2025-02-25T06:41:14.726899Z,2025-02-25T17:45:19.095965Z,401.245448317,1065.318266083,664.072817776,101.372570515,258.861109858,0.233680374
2025-02-26,57,55.232876712,2025-02-26T06:39:41.713533Z,2025-02-26T17:46:32.555882Z,399.695225550,1066.542598033,666.847372483,100.865694129,259.370153482,0.235847611
2025-02-27,58,56.219178082,2025-02-27T06:38:07.892542Z,2025-02-27T17:47:45.726207Z,398.131542367,1067.762103450,669.630561073,100.356296174,259.881663003,0.237959178
2025-02-28,59,57.205479452,2025-02-28T06:36:33.296089Z,2025-02-28T17:48:58.601974Z,396.554934817,1068.976699567,672.421764744,99.844522739,260.395492999,0.240015738
2025-03-01,60,58.191780822,2025-03-01T06:34:57.955271Z,2025-03-01T17:50:11.179166Z,394.965921183,1070.186319433,675.220398251,99.330516378,260.911500171,0.242016549
2025-03-02,61,59.178082192,2025-03-02T06:33:21.900713Z,2025-03-02T17:51:23.454731Z,393.365011883,1071.390912183,678.025900300,98.814418775,261.429543259,0.243962034
2025-03-03,62,60.164383562,2025-03-03T06:31:45.163877Z,2025-03-03T17:52:35.426690Z,391.752731283,1072.590444833,680.837713537,98.296370972,261.949480868,0.245851840
2025-03-04,63,61.150684932,2025-03-04T06:30:07.775762Z,2025-03-04T17:53:47.094365Z,390.129596033,1073.784906083,683.655310052,97.776511370,262.471172498,0.247683869
2025-03-05,64,62.136986301,2025-03-05T06:28:29.768662Z,2025-03-05T17:54:58.458683Z,388.496144367,1074.974311383,686.478167031,97.254979654,262.994478463,0.249458117
2025-03-06,65,63.123287671,2025-03-06T06:26:51.175374Z,2025-03-06T17:56:09.522603Z,386.852922900,1076.158710050,689.305787154,96.731912964,263.519261969,0.251174933
2025-03-07,66,64.109589041,2025-03-07T06:25:12.029574Z,2025-03-07T17:57:20.291105Z,385.200492900,1077.338185083,692.137692181,96.207446737,264.045390060,0.252836796
2025-03-08,67,65.095890411,2025-03-08T06:23:32.364704Z,2025-03-08T17:58:30.770825Z,383.539411733,1078.512847083,694.973435353,95.681710062,264.572732962,0.254443023
2025-03-09,68,66.082191781,2025-03-09T06:21:52.214650Z,2025-03-09T17:59:40.971404Z,381.870244167,1079.682856733,697.812612565,95.154828044,265.101168866,0.255996910
2025-03-10,69,67.068493151,2025-03-10T06:20:11.613095Z,2025-03-10T18:00:50.903472Z,380.193551583,1080.848391200,700.654839616,94.626920187,265.630578543,0.257498730
2025-03-11,70,68.054794521,2025-03-11T06:18:30.593817Z,2025-03-11T18:02:00.579552Z,378.509896950,1082.009659200,703.499762253,94.098102199,266.160848275,0.258950474
2025-03-12,71,69.041095890,2025-03-12T06:16:49.190104Z,2025-03-12T18:03:10.012680Z,376.819835067,1083.166878000,706.347042944,93.568485615,266.691866427,0.260352042
2025-03-13,72,70.027397260,2025-03-13T06:15:07.434893Z,2025-03-13T18:04:19.217120Z,375.123914883,1084.320285333,709.196370449,93.038179090,267.223525167,0.261704258
2025-03-14,73,71.013698630,2025-03-14T06:13:25.360955Z,2025-03-14T18:05:28.206832Z,373.422682583,1085.470113867,712.047431282,92.507289718,267.755716858,0.263006576
2025-03-15,74,72.000000000,2025-03-15T06:11:43.000910Z,2025-03-15T18:06:36.996117Z,371.716681833,1086.616601950,714.899920116,91.975924396,268.288334924,0.264259320
2025-03-16,75,72.986301370,2025-03-16T06:10:00.386383Z,2025-03-16T18:07:45.599008Z,370.006439717,1087.759983467,717.753543758,91.444187588,268.821272541,0.265460129
2025-03-17,76,73.972602740,2025-03-17T06:08:17.549466Z,2025-03-17T18:08:54.029453Z,368.292491100,1088.900490883,720.607999793,90.912185907,269.354422807,0.266608715
2025-03-18,77,74.958904110,2025-03-18T06:06:34.522342Z,2025-03-18T18:10:02.301058Z,366.575372367,1090.038350967,723.462978588,90.380027025,269.887677825,0.267704851
2025-03-19,78,75.945205479,2025-03-19T06:04:51.336207Z,2025-03-19T18:11:10.427279Z,364.855603450,1091.173787983,726.318184527,89.847817069,270.420929203,0.268746272
2025-03-20,79,76.931506849,2025-03-20T06:03:08.022907Z,2025-03-20T18:12:18.420662Z,363.133715117,1092.307011033,729.173295917,89.315665055,270.954066148,0.269731203
2025-03-21,80,77.917808219,2025-03-21T06:01:24.614492Z,2025-03-21T18:13:26.293403Z,361.410241533,1093.438223383,732.027981856,88.783682167,271.486976713,0.270658879
2025-03-22,81,78.904109589,2025-03-22T05:59:41.142028Z,2025-03-22T18:14:34.057379Z,359.685700467,1094.567622983,734.881922528,88.251978715,272.019548569,0.271527283
2025-03-23,82,79.890410959,2025-03-23T05:57:57.637369Z,2025-03-23T18:15:41.722327Z,357.960622817,1095.695372117,737.734749290,87.720669648,272.551663759,0.272333408
2025-03-24,83,80.876712329,2025-03-24T05:56:14.131706Z,2025-03-24T18:16:49.297938Z,356.235528433,1096.821632300,740.586103856,87.189871470,273.083205329,0.273076799
2025-03-25,84,81.863013699,2025-03-25T05:54:30.655715Z,2025-03-25T18:17:56.791774Z,354.510928583,1097.946529567,743.435600985,86.659702467,273.614051583,0.273754050
2025-03-26,85,82.849315068,2025-03-26T05:52:47.240145Z,2025-03-26T18:19:04.210103Z,352.787335750,1099.070168383,746.282832634,86.130285014,274.144078968,0.274363982
2025-03-27,86,83.835616438,2025-03-27T05:51:03.914514Z,2025-03-27T18:20:11.558107Z,351.065241900,1100.192635117,749.127393203,85.601741164,274.673164014,0.274905178
2025-03-28,87,84.821917808,2025-03-28T05:49:20.707844Z,2025-03-28T18:21:18.840196Z,349.345130733,1101.314003267,751.968872526,85.074193697,275.201183808,0.275377505
2025-03-29,88,85.808219178,2025-03-29T05:47:37.648309Z,2025-03-29T18:22:26.059410Z,347.627471817,1102.434323500,754.806851683,84.547764782,275.728014949,0.275779731
2025-03-30,89,86.794520548,2025-03-30T05:45:54.763554Z,2025-03-30T18:23:33.219243Z,345.912725900,1103.553654050,757.640928157,84.022575505,276.253537185,0.276112690
2025-03-31,90,87.780821918,2025-03-31T05:44:12.080814Z,2025-03-31T18:24:40.321554Z,344.201346900,1104.672025900,760.470678993,83.498746817,276.777626529,0.276373345
2025-04-01,91,88.767123288,2025-04-01T05:42:29.627989Z,2025-04-01T18:25:47.368969Z,342.493799817,1105.789482817,763.295683000,82.976400838,277.300160451,0.276561289
2025-04-02,92,89.753424658,2025-04-02T05:40:47.433162Z,2025-04-02T18:26:54.363359Z,340.790552700,1106.906055983,766.115503285,82.455661538,277.821013907,0.276675446
2025-04-03,93,90.739726027,2025-04-03T05:39:05.525606Z,2025-04-03T18:28:01.307070Z,339.092093433,1108.021784500,768.929691067,81.936652673,278.340061189,0.276713862
2025-04-04,94,91.726027397,2025-04-04T05:37:23.935274Z,2025-04-04T18:29:08.203949Z,337.398921233,1109.136732483,771.737811258,81.419497108,278.857180638,0.276677746
2025-04-05,95,92.712328767,2025-04-05T05:35:42.692929Z,2025-04-05T18:30:15.058514Z,335.711548817,1110.250975233,774.539426418,80.904315628,279.372252540,0.276568168
2025-04-06,96,93.698630137,2025-04-06T05:34:01.829904Z,2025-04-06T18:31:21.876392Z,334.030498400,1111.364606533,777.334108134,80.391225279,279.885160994,0.276386273
2025-04-07,97,94.684931507,2025-04-07T05:32:21.377680Z,2025-04-07T18:32:28.664603Z,332.356294667,1112.477743383,780.121448712,79.880338831,280.395795023,0.276133854
2025-04-08,98,95.671232877,2025-04-08T05:30:41.367758Z,2025-04-08T18:33:35.430452Z,330.689462633,1113.590507533,782.901044907,79.371764889,280.904045641,0.275810529
2025-04-09,99,96.657534247,2025-04-09T05:29:01.832487Z,2025-04-09T18:34:42.181606Z,329.030541450,1114.703026767,785.672485320,78.865611512,281.409806053,0.275417565
2025-04-10,100,97.643835616,2025-04-10T05:27:22.804078Z,2025-04-10T18:35:48.925046Z,327.380067967,1115.815417433,788.435349468,78.361984556,281.912969325,0.274953881
2025-04-11,101,98.630136986,2025-04-11T05:25:44.314326Z,2025-04-11T18:36:55.668342Z,325.738572100,1116.927805700,791.189233600,77.860987267,282.413431729,0.274418996
2025-04-12,102,99.616438356,2025-04-12T05:24:06.395968Z,2025-04-12T18:38:02.417792Z,324.106599467,1118.040296533,793.933697064,77.362725813,282.911087728,0.273813541
2025-04-13,103,100.602739726,2025-04-13T05:22:29.081119Z,2025-04-13T18:39:09.178272Z,322.484685317,1119.152971200,796.668285881,76.867304681,283.405828973,0.273133655
2025-04-14,104,101.589041096,2025-04-14T05:20:52.402481Z,2025-04-14T18:40:15.954994Z,320.873374683,1120.265916567,799.392541881,76.374830528,283.897549458,0.272379987
2025-04-15,105,102.575342466,2025-04-15T05:19:16.392735Z,2025-04-15T18:41:22.751170Z,319.273212250,1121.379186167,802.105973910,75.885411255,284.386138920,0.271550175
2025-04-16,106,103.561643836,2025-04-16T05:17:41.084848Z,2025-04-16T18:42:29.569093Z,317.684747467,1122.492818217,804.808070754,75.399156386,284.871485420,0.270641806
2025-04-17,107,104.547945205,2025-04-17T05:16:06.512131Z,2025-04-17T18:43:36.409837Z,316.108535517,1123.606830617,807.498295100,74.916177625,285.353474406,0.269652031
2025-04-18,108,105.534246575,2025-04-18T05:14:32.708718Z,2025-04-18T18:44:43.273366Z,314.545145300,1124.721222767,810.176077470,74.436590842,285.831989778,0.268580619
2025-04-19,109,106.520547945,2025-04-19T05:12:59.708367Z,2025-04-19T18:45:50.157902Z,312.995139450,1125.835965033,812.840825593,73.960512444,286.306911713,0.267424157
2025-04-20,110,107.506849315,2025-04-20T05:11:27.545273Z,2025-04-20T18:46:57.059448Z,311.459087883,1126.950990800,815.491902906,73.488063111,286.778116173,0.266179284
2025-04-21,111,108.493150685,2025-04-21T05:09:56.253946Z,2025-04-21T18:48:03.972449Z,309.937565767,1128.066207483,818.128641707,73.019367364,287.245477059,0.264844423
2025-04-22,112,109.479452055,2025-04-22T05:08:25.868161Z,2025-04-22T18:49:10.888512Z,308.431136017,1129.181475200,820.750339174,72.554551628,287.708863164,0.263414792
2025-04-23,113,110.465753425,2025-04-23T05:06:56.422386Z,2025-04-23T18:50:17.797329Z,306.940373100,1130.296622150,823.356249038,72.093748656,288.168141568,0.261890223
2025-04-24,114,111.452054795,2025-04-24T05:05:27.949457Z,2025-04-24T18:51:24.685846Z,305.465824283,1131.411430767,825.945606485,71.637090850,288.623176710,0.260267559
2025-04-25,115,112.438356164,2025-04-25T05:04:00.482058Z,2025-04-25T18:52:31.538932Z,304.008034300,1132.525648867,828.517614562,71.184713541,289.073832200,0.258545741
2025-04-26,116,113.424657534,2025-04-26T05:02:34.051499Z,2025-04-26T18:53:38.340103Z,302.567524983,1133.639001717,831.071476734,70.736751272,289.519974348,0.256725620
2025-04-27,117,114.410958904,2025-04-27T05:01:08.688087Z,2025-04-27T18:54:45.069921Z,301.144801450,1134.751165350,833.606363911,70.293338497,289.961466445,0.254804942
2025-04-28,118,115.397260274,2025-04-28T04:59:44.421404Z,2025-04-28T18:55:51.708297Z,299.740356733,1135.861804950,836.121448208,69.854609769,290.398173996,0.252783765
2025-04-29,119,116.383561644,2025-04-29T04:58:21.280908Z,2025-04-29T18:56:58.232452Z,298.354681800,1136.970540867,838.615859062,69.420701261,290.829957422,0.250658683
2025-04-30,120,117.369863014,2025-04-30T04:56:59.295702Z,2025-04-30T18:58:04.619171Z,296.988261700,1138.076986183,841.088724481,68.991750225,291.256677404,0.248427628
2025-05-01,121,118.356164384,2025-05-01T04:55:38.496734Z,2025-05-01T18:59:10.844097Z,295.641612233,1139.180734950,843.539122717,68.567898357,291.678191434,0.246089791
2025-05-02,122,119.342465753,2025-05-02T04:54:18.914766Z,2025-05-02T19:00:16.882624Z,294.315246100,1140.281377067,845.966130973,68.149286870,292.094357669,0.243644539
2025-05-03,123,120.328767123,2025-05-03T04:53:00.581913Z,2025-05-03T19:01:22.710953Z,293.009698550,1141.378515883,848.368817332,67.736056374,292.505037356,0.241093729
2025-05-04,124,121.315068493,2025-05-04T04:51:43.530306Z,2025-05-04T19:02:28.305021Z,291.725505100,1142.471750350,850.746245262,67.328343407,292.910092888,0.238436294
2025-05-05,125,122.301369863,2025-05-05T04:50:27.793058Z,2025-05-05T19:03:33.641752Z,290.463217633,1143.560695867,853.097478239,66.926283639,293.309391447,0.235675085
2025-05-06,126,123.287671233,2025-05-06T04:49:13.402503Z,2025-05-06T19:04:38.698515Z,289.223375050,1144.644975250,855.421600198,66.530006313,293.702804084,0.232810397
2025-05-07,127,124.273972603,2025-05-07T04:48:00.392397Z,2025-05-07T19:05:43.452154Z,288.006539950,1145.724202567,857.717662618,66.139642036,294.090203026,0.229845061
2025-05-08,128,125.260273973,2025-05-08T04:46:48.795109Z,2025-05-08T19:06:47.878717Z,286.813251817,1146.797978617,859.984726812,65.755315620,294.471460570,0.226776190
2025-05-09,129,126.246575342,2025-05-09T04:45:38.643835Z,2025-05-09T19:07:51.954114Z,285.644063917,1147.865901900,862.221837986,65.377153536,294.846451603,0.223605138
2025-05-10,130,127.232876712,2025-05-10T04:44:29.971620Z,2025-05-10T19:08:55.653007Z,284.499527000,1148.927550117,864.428023108,65.005281260,295.215050617,0.220331878
2025-05-11,131,128.219178082,2025-05-11T04:43:22.810868Z,2025-05-11T19:09:58.949389Z,283.380181133,1149.982489817,866.602308681,64.639822917,295.577132706,0.216955623
2025-05-12,132,129.205479452,2025-05-12T04:42:17.194263Z,2025-05-12T19:11:01.815850Z,282.286571050,1151.030264167,868.743693120,64.280904341,295.932572044,0.213476385
2025-05-13,133,130.191780822,2025-05-13T04:41:13.154138Z,2025-05-13T19:12:04.223556Z,281.219235633,1152.070392600,870.851156974,63.928650939,296.281240869,0.209891808
2025-05-14,134,131.178082192,2025-05-14T04:40:10.722765Z,2025-05-14T19:13:06.143138Z,280.178712750,1153.102385633,872.923672895,63.583189335,296.623012775,0.206202110
2025-05-15,135,132.164383562,2025-05-15T04:39:09.932629Z,2025-05-15T19:14:07.543300Z,279.165543817,1154.125721667,874.960177855,63.244647922,296.957757525,0.202405447
2025-05-16,136,133.150684932,2025-05-16T04:38:10.815972Z,2025-05-16T19:15:08.391707Z,278.180266200,1155.139861783,876.959595592,62.913156006,297.285344661,0.198500666
2025-05-17,137,134.136986301,2025-05-17T04:37:13.404703Z,2025-05-17T19:16:08.654899Z,277.223411717,1156.144248317,878.920836602,62.588844059,297.605642699,0.194486758
2025-05-18,138,135.123287671,2025-05-18T04:36:17.731151Z,2025-05-18T19:17:08.296981Z,276.295519183,1157.138283017,880.842763840,62.271846151,297.918516918,0.190363069
2025-05-19,139,136.109589041,2025-05-19T04:35:23.826226Z,2025-05-19T19:18:07.280564Z,275.397103767,1158.121342733,882.724238975,61.962295275,298.223831827,0.186127103
2025-05-20,140,137.095890411,2025-05-20T04:34:31.720736Z,2025-05-20T19:19:05.566616Z,274.528678933,1159.092776933,884.564098012,61.660328111,298.521451973,0.181780083
2025-05-21,141,138.082191781,2025-05-21T04:33:41.443658Z,2025-05-21T19:20:03.113056Z,273.690727633,1160.051884267,886.361156635,61.366080421,298.811238851,0.177319273
2025-05-22,142,139.068493151,2025-05-22T04:32:53.023074Z,2025-05-22T19:20:59.876857Z,272.883717900,1160.997947617,888.114229712,61.079690018,299.093057815,0.172747833
2025-05-23,143,140.054794521,2025-05-23T04:32:06.484279Z,2025-05-23T19:21:55.812438Z,272.108071317,1161.930207300,889.822135995,60.801290850,299.366775255,0.168066104
2025-05-24,144,141.041095890,2025-05-24T04:31:21.850455Z,2025-05-24T19:22:50.873405Z,271.364174250,1162.847890083,891.483715833,60.531014753,299.632263000,0.163277754
2025-05-25,145,142.027397260,2025-05-25T04:30:39.141978Z,2025-05-25T19:23:45.011322Z,270.652366300,1163.750188700,893.097822394,60.268989251,299.889395314,0.158384565
2025-05-26,146,143.013698630,2025-05-26T04:29:58.377028Z,2025-05-26T19:24:38.176558Z,269.972950467,1164.636275967,894.663325508,60.015339056,300.138049907,0.153388963
2025-05-27,147,144.000000000,2025-05-27T04:29:19.571235Z,2025-05-27T19:25:30.318611Z,269.326187250,1165.505310183,896.179122924,59.770184961,300.378106838,0.148291798
2025-05-28,148,144.986301370,2025-05-28T04:28:42.739136Z,2025-05-28T19:26:21.385832Z,268.712318933,1166.356430533,897.644111600,59.533647501,300.609445660,0.143093161
2025-05-29,149,145.972602740,2025-05-29T04:28:07.894604Z,2025-05-29T19:27:11.326835Z,268.131576733,1167.188780583,899.057203843,59.305847019,300.831948548,0.137795567
2025-05-30,150,146.958904110,2025-05-30T04:27:35.050735Z,2025-05-30T19:28:00.090319Z,267.584178917,1168.001505317,900.417326406,59.086901586,301.045498332,0.132399919
2025-05-31,151,147.945205479,2025-05-31T04:27:04.220706Z,2025-05-31T19:28:47.626606Z,267.070345100,1168.793776767,901.723431664,58.876927568,301.249983664,0.126911232
2025-06-01,152,148.931506849,2025-06-01T04:26:35.416252Z,2025-06-01T19:29:33.887897Z,266.590270867,1169.564798283,902.974527429,58.676033265,301.445299237,0.121332502
2025-06-02,153,149.917808219,2025-06-02T04:26:08.648477Z,2025-06-02T19:30:18.827786Z,266.144141283,1170.313796433,904.169655155,58.484323101,301.631346559,0.115669660
2025-06-03,154,150.904109589,2025-06-03T04:25:43.927705Z,2025-06-03T19:31:02.401891Z,265.732128417,1171.040031517,905.307903094,58.301893768,301.808033196,0.109926964
2025-06-04,155,151.890410959,2025-06-04T04:25:21.262913Z,2025-06-04T19:31:44.567524Z,265.354381883,1171.742792067,906.388410189,58.128835680,301.975273717,0.104109397
2025-06-05,156,152.876712329,2025-06-05T04:25:00.661792Z,2025-06-05T19:32:25.283475Z,265.011029867,1172.421391250,907.410361388,57.965233413,302.132988247,0.098221660
2025-06-06,157,153.863013699,2025-06-06T04:24:42.130681Z,2025-06-06T19:33:04.509421Z,264.702178017,1173.075157017,908.372979005,57.811166108,302.281101636,0.092267744
2025-06-07,158,154.849315068,2025-06-07T04:24:25.674480Z,2025-06-07T19:33:42.206067Z,264.427908000,1173.703434450,909.275526448,57.666707700,302.419542924,0.086250624
2025-06-08,159,155.835616438,2025-06-08T04:24:11.296592Z,2025-06-08T19:34:18.335794Z,264.188276533,1174.305596567,910.117320036,57.531927446,302.548247940,0.080175386
2025-06-09,160,156.821917808,2025-06-09T04:23:58.998939Z,2025-06-09T19:34:52.861300Z,263.983315650,1174.881021667,910.897706029,57.406889961,302.667154710,0.074044671
2025-06-10,161,157.808219178,2025-06-10T04:23:48.782254Z,2025-06-10T19:35:25.746758Z,263.813037567,1175.429112633,911.616075075,57.291656510,302.776206473,0.067862983
2025-06-11,162,158.794520548,2025-06-11T04:23:40.645955Z,2025-06-11T19:35:56.957170Z,263.677432583,1175.949286167,912.271853573,57.186284429,302.875349260,0.061633690
2025-06-12,163,159.780821918,2025-06-12T04:23:34.587545Z,2025-06-12T19:36:26.458863Z,263.576459083,1176.440981050,912.864521963,57.090825757,302.964533308,0.055359064
2025-06-13,164,160.767123288,2025-06-13T04:23:30.604275Z,2025-06-13T19:36:54.218854Z,263.510071250,1176.903647567,913.393576316,57.005332141,303.043711114,0.049043255
2025-06-14,165,161.753424658,2025-06-14T04:23:28.691758Z,2025-06-14T19:37:20.205298Z,263.478195967,1177.336754967,913.858558999,56.929850659,303.112838699,0.042689357
2025-06-15,166,162.739726027,2025-06-15T04:23:28.844080Z,2025-06-15T19:37:44.387183Z,263.480734667,1177.739786383,914.259051717,56.864425163,303.171875020,0.036300182
2025-06-16,167,163.726027397,2025-06-16T04:23:31.054011Z,2025-06-16T19:38:06.734205Z,263.517566850,1178.112236750,914.594669896,56.809096805,303.220782745,0.029879550
2025-06-17,168,164.712328767,2025-06-17T04:23:35.312399Z,2025-06-17T19:38:27.216861Z,263.588539983,1178.453614350,914.865074375,56.763902978,303.259529407,0.023432385
2025-06-18,169,165.698630137,2025-06-18T04:23:41.607238Z,2025-06-18T19:38:45.806138Z,263.693453967,1178.763435633,915.069981659,56.728874812,303.288087695,0.016962507
2025-06-19,170,166.684931507,2025-06-19T04:23:49.924296Z,2025-06-19T19:39:02.473911Z,263.832071600,1179.041231850,915.209160260,56.704039234,303.306437799,0.010477033
2025-06-20,171,167.671232877,2025-06-20T04:24:00.245448Z,2025-06-20T19:39:17.193109Z,264.004090800,1179.286551817,915.282461018,56.689414373,303.314568872,0.003983245
2025-06-21,172,168.657534247,2025-06-21T04:24:12.548957Z,2025-06-21T19:39:29.936942Z,264.209149283,1179.498949033,915.289799740,56.685009707,303.312477440,-0.002512853
2025-06-22,173,169.643835616,2025-06-22T04:24:26.809306Z,2025-06-22T19:39:40.680492Z,264.446821767,1179.678008200,915.231186432,56.690825554,303.300171651,-0.009002795
2025-06-23,174,170.630136986,2025-06-23T04:24:42.996944Z,2025-06-23T19:39:49.399047Z,264.716615733,1179.823317450,915.106701722,56.706852883,303.277665768,-0.015481349
2025-06-24,175,171.616438356,2025-06-24T04:25:01.079581Z,2025-06-24T19:39:56.069642Z,265.017993017,1179.934494033,914.916501013,56.733076049,303.244982176,-0.021941775
2025-06-25,176,172.602739726,2025-06-25T04:25:21.021920Z,2025-06-25T19:40:00.669583Z,265.350365333,1180.011159717,914.660794385,56.769471828,303.202145600,-0.028382572
2025-06-26,177,173.589041096,2025-06-26T04:25:42.787900Z,2025-06-26T19:40:03.178885Z,265.713131667,1180.052981417,914.339849753,56.816015408,303.149187787,-0.034796804
2025-06-27,178,174.575342466,2025-06-27T04:26:06.339951Z,2025-06-27T19:40:03.578926Z,266.105665850,1180.059648767,913.953982916,56.872675845,303.086142238,-0.041181918
2025-06-28,179,175.561643836,2025-06-28T04:26:31.639954Z,2025-06-28T19:40:01.854336Z,266.527332567,1180.030905600,913.503573023,56.939417933,303.013049742,-0.047532325
2025-06-29,180,176.547945205,2025-06-29T04:26:58.649485Z,2025-06-29T19:39:57.992643Z,266.977491417,1179.966544050,912.989052640,57.016200778,302.929956908,-0.053842314
2025-06-30,181,177.534246575,2025-06-30T04:27:27.329054Z,2025-06-30T19:39:51.985159Z,267.455484233,1179.866419317,912.410935090,57.102974691,302.836918894,-0.060106415
2025-07-01,182,178.520547945,2025-07-01T04:27:57.639394Z,2025-07-01T19:39:43.826308Z,267.960656567,1179.730438467,911.769781896,57.199684776,302.733997223,-0.066318001
2025-07-02,183,179.506849315,2025-07-02T04:28:29.539746Z,2025-07-02T19:39:33.513151Z,268.492329100,1179.558552517,911.066223411,57.306267118,302.621259990,-0.072472892
2025-07-03,184,180.493150685,2025-07-03T04:29:02.989795Z,2025-07-03T19:39:21.045758Z,269.049829917,1179.350762633,910.300932710,57.422653385,302.498780687,-0.078565928
2025-07-04,185,181.479452055,2025-07-04T04:29:37.948411Z,2025-07-04T19:39:06.426918Z,269.632473517,1179.107115300,909.474641769,57.548768498,302.366639171,-0.084592331
2025-07-05,186,182.465753425,2025-07-05T04:30:14.374075Z,2025-07-05T19:38:49.661167Z,270.239567917,1178.827686117,908.588118211,57.684532613,302.224918366,-0.090549021
2025-07-06,187,183.452054795,2025-07-06T04:30:52.225174Z,2025-07-06T19:38:30.755551Z,270.870419567,1178.512592517,907.642172943,57.829861786,302.073706578,-0.096431637
2025-07-07,188,184.438356164,2025-07-07T04:31:31.459453Z,2025-07-07T19:38:09.718574Z,271.524324217,1178.161976233,906.637652009,57.984666957,301.913094313,-0.102238731
2025-07-08,189,185.424657534,2025-07-08T04:32:12.035111Z,2025-07-08T19:37:46.561245Z,272.200585183,1177.776020750,905.575435572,58.148857034,301.743176787,-0.107966179
2025-07-09,190,186.410958904,2025-07-09T04:32:53.910328Z,2025-07-09T19:37:21.295623Z,272.898505467,1177.354927050,904.456421588,58.322337826,301.564049265,-0.113612909
2025-07-10,191,187.397260274,2025-07-10T04:33:37.043948Z,2025-07-10T19:36:53.935895Z,273.617399133,1176.898931583,903.281532458,58.505013475,301.375810357,-0.119176168
2025-07-11,192,188.383561644,2025-07-11T04:34:21.395218Z,2025-07-11T19:36:24.497157Z,274.356586967,1176.408285950,902.051698978,58.696786489,301.178557957,-0.124655554
2025-07-12,193,189.369863014,2025-07-12T04:35:06.923943Z,2025-07-12T19:35:52.996228Z,275.115399050,1175.883270467,900.767871414,58.897558444,300.972391307,-0.130050249
2025-07-13,194,190.356164384,2025-07-13T04:35:53.591188Z,2025-07-13T19:35:19.450586Z,275.893186467,1175.324176433,899.430989975,59.107231642,300.757409058,-0.135359300
2025-07-14,195,191.342465753,2025-07-14T04:36:41.357963Z,2025-07-14T19:34:43.879094Z,276.689299383,1174.731318233,898.042018847,59.325706062,300.533712019,-0.140581920
2025-07-15,196,192.328767123,2025-07-15T04:37:30.186217Z,2025-07-15T19:34:06.301546Z,277.503103617,1174.105025767,896.601922150,59.552882568,300.301402947,-0.145714485
2025-07-16,197,193.315068493,2025-07-16T04:38:20.036937Z,2025-07-16T19:33:26.737982Z,278.333948950,1173.445633033,895.111684080,59.788656998,300.060586573,-0.150756428
2025-07-17,198,194.301369863,2025-07-17T04:39:10.870945Z,2025-07-17T19:32:45.210052Z,279.181182417,1172.753500867,893.572318448,60.032923191,299.811375028,-0.155701781
2025-07-18,199,195.287671233,2025-07-18T04:40:02.647254Z,2025-07-18T19:32:01.739212Z,280.044120900,1172.028986867,891.984865959,60.285567677,299.553883806,-0.160548516
2025-07-19,200,196.273972603,2025-07-19T04:40:55.323408Z,2025-07-19T19:31:16.347939Z,280.922056800,1171.272465650,890.350408849,60.546471651,299.288235943,-0.165292406
2025-07-20,201,197.260273973,2025-07-20T04:41:48.855852Z,2025-07-20T19:30:29.059000Z,281.814264200,1170.484316667,888.670052474,60.815511604,299.014560609,-0.169927787
2025-07-21,202,198.246575342,2025-07-21T04:42:43.198316Z,2025-07-21T19:29:39.895064Z,282.719971933,1169.664917733,886.944945799,61.092555190,298.732990580,-0.174454230
2025-07-22,203,199.232876712,2025-07-22T04:43:38.304634Z,2025-07-22T19:28:48.879111Z,283.638410567,1168.814651850,885.176241289,61.377469268,298.443662279,-0.178868453
2025-07-23,204,200.219178082,2025-07-23T04:44:34.127647Z,2025-07-23T19:27:56.033994Z,284.568794117,1167.933899900,883.365105783,61.670116644,298.146712587,-0.183170769
2025-07-24,205,201.205479452,2025-07-24T04:45:30.620211Z,2025-07-24T19:27:01.383357Z,285.510336850,1167.023055950,881.512719101,61.970358330,297.842280015,-0.187361655
2025-07-25,206,202.191780822,2025-07-25T04:46:27.737208Z,2025-07-25T19:26:04.951151Z,286.462286800,1166.082519183,879.620232387,62.278058650,297.530501544,-0.191439806
2025-07-26,207,203.178082192,2025-07-26T04:47:25.434111Z,2025-07-26T19:25:06.761985Z,287.423901850,1165.112699750,877.688797901,62.593079952,297.211513114,-0.195406934
2025-07-27,208,204.164383562,2025-07-27T04:48:23.668306Z,2025-07-27T19:24:06.842337Z,288.394471767,1164.114038950,875.719567190,62.915284582,296.885452505,-0.199262913
2025-07-28,209,205.150684932,2025-07-28T04:49:22.399145Z,2025-07-28T19:23:05.219883Z,289.373319083,1163.086998050,873.713678972,63.244534733,296.552457748,-0.203007519
2025-07-29,210,206.136986301,2025-07-29T04:50:21.587737Z,2025-07-29T19:22:01.924144Z,290.359795617,1162.032069067,871.672273450,63.580691810,296.212669021,-0.206639168
2025-07-30,211,207.123287671,2025-07-30T04:51:21.196962Z,2025-07-30T19:20:56.985485Z,291.353282700,1160.949758083,869.596475376,63.923615710,295.866225623,-0.210158667
2025-07-31,212,208.109589041,2025-07-31T04:52:21.191486Z,2025-07-31T19:19:50.435220Z,292.353191433,1159.840587000,867.487395570,64.273166283,295.513266720,-0.213566997
2025-08-01,213,209.095890411,2025-08-01T04:53:21.537912Z,2025-08-01T19:18:42.306012Z,293.358965200,1158.705100200,865.346135001,64.629203455,295.153932304,-0.216864241
2025-08-02,214,210.082191781,2025-08-02T04:54:22.204513Z,2025-08-02T19:17:32.630404Z,294.370075217,1157.543840067,863.173764851,64.991588015,294.788360667,-0.220051318
2025-08-03,215,211.068493151,2025-08-03T04:55:23.160893Z,2025-08-03T19:16:21.442425Z,295.386014883,1156.357373750,860.971358865,65.360179880,294.416690686,-0.223129435
2025-08-04,216,212.054794521,2025-08-04T04:56:24.378932Z,2025-08-04T19:15:08.775728Z,296.406315533,1155.146262133,858.739946600,65.734841683,294.039057988,-0.226100329
2025-08-05,217,213.041095890,2025-08-05T04:57:25.832361Z,2025-08-05T19:13:54.664556Z,297.430539350,1153.911075933,856.480536570,66.115437569,293.655596693,-0.228965738
2025-08-06,218,214.027397260,2025-08-06T04:58:27.496656Z,2025-08-06T19:12:39.143715Z,298.458277600,1152.652395250,854.194117637,66.501833432,293.266439865,-0.231726703
2025-08-07,219,215.013698630,2025-08-07T04:59:29.349411Z,2025-08-07T19:11:22.247877Z,299.489156850,1151.370797950,851.881641091,66.893897396,292.871715969,-0.234386635
2025-08-08,220,216.000000000,2025-08-08T05:00:31.370718Z,2025-08-08T19:10:04.011787Z,300.522845300,1150.066863117,849.544017812,67.291501985,292.471550355,-0.236947661
2025-08-09,221,216.986301370,2025-08-09T05:01:33.542362Z,2025-08-09T19:08:44.470671Z,301.559039367,1148.741177850,847.182138473,67.694521541,292.066065239,-0.239413220
2025-08-10,222,217.972602740,2025-08-10T05:02:35.849185Z,2025-08-10T19:07:23.658990Z,302.597486417,1147.394316500,844.796830078,68.102836565,291.655377057,-0.241786377
2025-08-11,223,218.958904110,2025-08-11T05:03:38.277725Z,2025-08-11T19:06:01.611661Z,303.637962083,1146.026861017,842.388898936,68.516330550,291.239600960,-0.244068490
2025-08-12,224,219.945205479,2025-08-12T05:04:40.815986Z,2025-08-12T19:04:38.363173Z,304.680266433,1144.639386217,839.959119784,68.934888746,290.818849153,-0.246262101
2025-08-13,225,220.931506849,2025-08-13T05:05:43.453692Z,2025-08-13T19:03:13.947838Z,305.724228200,1143.232463967,837.508235773,69.358399055,290.393233936,-0.248367009
2025-08-14,226,221.917808219,2025-08-14T05:06:46.180635Z,2025-08-14T19:01:48.400322Z,306.769677250,1141.806672033,835.036994773,69.786747538,289.962871360,-0.250381102
2025-08-15,227,222.904109589,2025-08-15T05:07:48.986265Z,2025-08-15T19:00:21.754412Z,307.816437750,1140.362573533,832.546135796,70.219816846,289.527878890,-0.252304264
2025-08-16,228,223.890410959,2025-08-16T05:08:51.859245Z,2025-08-16T18:58:54.044157Z,308.864320750,1138.900735950,830.036415208,70.657485561,289.088379993,-0.254134446
2025-08-17,229,224.876712329,2025-08-17T05:09:54.787980Z,2025-08-17T18:57:25.302066Z,309.913133000,1137.421701100,827.508568097,71.099630523,288.644498951,-0.255870526
2025-08-18,230,225.863013699,2025-08-18T05:10:57.758876Z,2025-08-18T18:55:55.560995Z,310.962647933,1135.926016583,824.963368654,71.546122025,288.196366124,-0.257511851
2025-08-19,231,226.849315068,2025-08-19T05:12:00.758931Z,2025-08-19T18:54:24.851924Z,312.012648850,1134.414198733,822.401549889,71.996831657,287.744110129,-0.259058214
2025-08-20,232,227.835616438,2025-08-20T05:13:03.773885Z,2025-08-20T18:52:53.205858Z,313.062898083,1132.886764300,819.823866220,72.451627110,287.287862111,-0.260510779
2025-08-21,233,228.821917808,2025-08-21T05:14:06.790531Z,2025-08-21T18:51:20.652543Z,314.113175517,1131.344209050,817.231033543,72.910378687,286.827750897,-0.261870416
2025-08-22,234,229.808219178,2025-08-22T05:15:09.796015Z,2025-08-22T18:49:47.221480Z,315.163266917,1129.787024667,814.623757750,73.372956799,286.363904088,-0.263139112
2025-08-23,235,230.794520548,2025-08-23T05:16:12.778410Z,2025-08-23T18:48:12.942250Z,316.212973500,1128.215704167,812.002730657,73.839232751,285.896448116,-0.264319134
2025-08-24,236,231.780821918,2025-08-24T05:17:15.727846Z,2025-08-24T18:46:37.844157Z,317.262130767,1126.630735950,809.368605186,74.309081402,285.425506986,-0.265411612
2025-08-25,237,232.767123288,2025-08-25T05:18:18.635471Z,2025-08-25T18:45:01.957246Z,318.310591183,1125.032620767,806.722029585,74.782377395,284.951204615,-0.266417990
2025-08-26,238,233.753424658,2025-08-26T05:19:21.494178Z,2025-08-26T18:43:25.311713Z,319.358236300,1123.421861883,804.063625592,75.258997306,284.473663080,-0.267339613
2025-08-27,239,234.739726027,2025-08-27T05:20:24.298359Z,2025-08-27T18:41:47.937968Z,320.404972650,1121.798966133,801.393993477,75.738818249,283.993003035,-0.268178716
2025-08-28,240,235.726027397,2025-08-28T05:21:27.044108Z,2025-08-28T18:40:09.867103Z,321.450735133,1120.164451717,798.713716590,76.221719324,283.509345176,-0.268935500
2025-08-29,241,236.712328767,2025-08-29T05:22:29.728467Z,2025-08-29T18:38:31.130392Z,322.495474450,1118.518839867,796.023365417,76.707579462,283.022808471,-0.269612066
2025-08-30,242,237.698630137,2025-08-30T05:23:32.350510Z,2025-08-30T18:36:51.758766Z,323.539175167,1116.862646100,793.323470938,77.196280602,282.533509700,-0.270209698
2025-08-31,243,238.684931507,2025-08-31T05:24:34.910143Z,2025-08-31T18:35:11.783448Z,324.581835717,1115.196390800,790.614555087,77.687705278,282.041564352,-0.270730370
2025-09-01,244,239.671232877,2025-09-01T05:25:37.408505Z,2025-09-01T18:33:31.236025Z,325.623475083,1113.520600417,787.897125343,78.181737191,281.547086756,-0.271176053
2025-09-02,245,240.657534247,2025-09-02T05:26:39.847999Z,2025-09-02T18:31:50.147702Z,326.664133317,1111.835795033,785.171661726,78.678262460,281.050189238,-0.271548302
2025-09-03,246,241.643835616,2025-09-03T05:27:42.232760Z,2025-09-03T18:30:08.549602Z,327.703879333,1110.142493367,782.438614041,79.177169682,280.550979964,-0.271850354
2025-09-04,247,242.630136986,2025-09-04T05:28:44.568549Z,2025-09-04T18:28:26.473660Z,328.742809150,1108.441227667,779.698418504,79.678350330,280.049566854,-0.272082816
2025-09-05,248,243.616438356,2025-09-05T05:29:46.862638Z,2025-09-05T18:26:43.951152Z,329.781043967,1106.732519200,776.951475242,80.181698792,279.546052055,-0.272249153
2025-09-06,249,244.602739726,2025-09-06T05:30:49.123713Z,2025-09-06T18:25:01.014079Z,330.818728550,1105.016901317,774.198172757,80.687111966,279.040535961,-0.272352073
2025-09-07,250,245.589041096,2025-09-07T05:31:51.363074Z,2025-09-07T18:23:17.693468Z,331.856051233,1103.294891133,771.438839913,81.194492993,278.533112234,-0.272394773
2025-09-08,251,246.575342466,2025-09-08T05:32:53.593099Z,2025-09-08T18:21:34.021010Z,332.893218317,1101.567016833,768.673798512,81.703747333,278.023872705,-0.272379962
2025-09-09,252,247.561643836,2025-09-09T05:33:55.827745Z,2025-09-09T18:19:50.028119Z,333.930462417,1099.833801983,765.903339573,82.214784458,277.512906627,-0.272308915
2025-09-10,253,248.547945205,2025-09-10T05:34:58.082101Z,2025-09-10T18:18:05.746220Z,334.968035017,1098.095770333,763.127735310,82.727515549,277.000303491,-0.272180960
2025-09-11,254,249.534246575,2025-09-11T05:36:00.370933Z,2025-09-11T18:16:21.206495Z,336.006182217,1096.353441583,760.347259352,83.241849833,276.486153937,-0.271996230
2025-09-12,255,250.520547945,2025-09-12T05:37:02.708210Z,2025-09-12T18:14:36.440473Z,337.045136833,1094.607341217,757.562204374,83.757692707,275.970554025,-0.271753268
2025-09-13,256,251.506849315,2025-09-13T05:38:05.107099Z,2025-09-13T18:12:51.479509Z,338.085118317,1092.857991817,754.772873495,84.274945709,275.453604722,-0.271449569
2025-09-14,257,252.493150685,2025-09-14T05:39:07.579091Z,2025-09-14T18:11:06.354631Z,339.126318183,1091.105910517,751.979592338,84.793505000,274.935411664,-0.271083335
2025-09-15,258,253.479452055,2025-09-15T05:40:10.134251Z,2025-09-15T18:09:21.096238Z,340.168904183,1089.351603967,749.182699793,85.313263049,274.416084136,-0.270652814
2025-09-16,259,254.465753425,2025-09-16T05:41:12.780691Z,2025-09-16T18:07:35.733951Z,341.213011517,1087.595565850,746.382554343,85.834107262,273.895733672,-0.270159066
2025-09-17,260,255.452054795,2025-09-17T05:42:15.526151Z,2025-09-17T18:05:50.296941Z,342.258769183,1085.838282350,743.579513154,86.355925031,273.374474479,-0.269600490
2025-09-18,261,256.438356164,2025-09-18T05:43:18.377112Z,2025-09-18T18:04:04.813208Z,343.306285200,1084.080220133,740.773934928,86.878601230,272.852419951,-0.268978819
2025-09-19,262,257.424657534,2025-09-19T05:44:21.339538Z,2025-09-19T18:02:19.310791Z,344.355658967,1082.321846517,737.966187553,87.402020087,272.329685450,-0.268294463
2025-09-20,263,258.410958904,2025-09-20T05:45:24.419394Z,2025-09-20T18:00:33.817638Z,345.406989900,1080.563627300,735.156637387,87.926065933,271.806386666,-0.267547401
2025-09-21,264,259.397260274,2025-09-21T05:46:27.622448Z,2025-09-21T17:58:48.361270Z,346.460374133,1078.806021167,732.345647028,88.450622663,271.282637846,-0.266739491
2025-09-22,265,260.383561644,2025-09-22T05:47:30.954896Z,2025-09-22T17:57:02.969830Z,347.515914933,1077.049497167,729.533582236,88.975574894,270.758554453,-0.265870653
2025-09-23,266,261.369863014,2025-09-23T05:48:34.423238Z,2025-09-23T17:55:17.671309Z,348.573720633,1075.294521817,726.720801181,89.500806934,270.234250921,-0.264942145
2025-09-24,267,262.356164384,2025-09-24T05:49:38.034544Z,2025-09-24T17:53:32.493901Z,349.633909067,1073.541565017,723.907655956,90.026203934,269.709841258,-0.263954808
2025-09-25,268,263.342465753,2025-09-25T05:50:41.795767Z,2025-09-25T17:51:47.466772Z,350.696596117,1071.791112867,721.094516751,90.551649402,269.185441095,-0.262909503
2025-09-26,269,264.328767123,2025-09-26T05:51:45.714629Z,2025-09-26T17:50:02.618474Z,351.761910483,1070.043641233,718.281730753,91.077028051,268.661164032,-0.261807917
2025-09-27,270,265.315068493,2025-09-27T05:52:49.799120Z,2025-09-27T17:48:17.978766Z,352.829985333,1068.299646100,715.469660761,91.602224970,268.137125849,-0.260649181
2025-09-28,271,266.301369863,2025-09-28T05:53:54.057232Z,2025-09-28T17:46:33.577236Z,353.900953867,1066.559620600,712.658666730,92.127124205,267.613441214,-0.259434582
2025-09-29,272,267.287671233,2025-09-29T05:54:58.497193Z,2025-09-29T17:44:49.443563Z,354.974953217,1064.824059383,709.849106179,92.651610187,267.090224392,-0.258165422
2025-09-30,273,268.273972603,2025-09-30T05:56:03.127537Z,2025-09-30T17:43:05.608038Z,356.052125617,1063.093467300,707.041341686,93.175567631,266.567589545,-0.256842823
2025-10-01,274,269.260273973,2025-10-01T05:57:07.957640Z,2025-10-01T17:41:22.101037Z,357.132627333,1061.368350617,704.235723280,93.698882865,266.045649017,-0.255468118
2025-10-02,275,270.246575342,2025-10-02T05:58:12.996500Z,2025-10-02T17:39:38.953974Z,358.216608333,1059.649232900,701.432624559,94.221441096,265.524516827,-0.254042078
2025-10-03,276,271.232876712,2025-10-03T05:59:18.254926Z,2025-10-03T17:37:56.198051Z,359.304248767,1057.936634183,698.632385417,94.743131181,265.004302168,-0.252566650
2025-10-04,277,272.219178082,2025-10-04T06:00:23.743892Z,2025-10-04T17:36:13.865819Z,360.395731533,1056.231096983,695.835365446,95.263842078,264.485114373,-0.251043549
2025-10-05,278,273.205479452,2025-10-05T06:01:29.475996Z,2025-10-05T17:34:31.989303Z,361.491266600,1054.533155050,693.041888462,95.783466890,263.967057212,-0.249475898
2025-10-06,279,274.191780822,2025-10-06T06:02:35.464479Z,2025-10-06T17:32:50.601539Z,362.591074650,1052.843358983,690.252284335,96.301900682,263.450233743,-0.247865574
2025-10-07,280,275.178082192,2025-10-07T06:03:41.724029Z,2025-10-07T17:31:09.735772Z,363.695400483,1051.162262867,687.466862384,96.819042618,262.934744420,-0.246212962
2025-10-08,281,276.164383562,2025-10-08T06:04:48.268995Z,2025-10-08T17:29:29.425277Z,364.804483250,1049.490421283,684.685938027,97.334791200,262.420689527,-0.244519273
2025-10-09,282,277.150684932,2025-10-09T06:05:55.113519Z,2025-10-09T17:27:49.704166Z,365.918558650,1047.828402767,681.909844125,97.849043882,261.908173165,-0.242782953
2025-10-10,283,278.136986301,2025-10-10T06:07:02.270575Z,2025-10-10T17:26:10.606830Z,367.037842917,1046.176780500,679.138937586,98.361694224,261.397303850,-0.241001926
2025-10-11,284,279.123287671,2025-10-11T06:08:09.750791Z,2025-10-11T17:24:32.168505Z,368.162513183,1044.536141750,676.373628569,98.872628023,260.888198020,-0.239173957
2025-10-12,285,280.109589041,2025-10-12T06:09:17.563135Z,2025-10-12T17:22:54.423753Z,369.292718917,1042.907062550,673.614343638,99.381726261,260.380975782,-0.237297957
2025-10-13,286,281.095890411,2025-10-13T06:10:25.713955Z,2025-10-13T17:21:17.408262Z,370.428565917,1041.290137700,670.861571783,99.888863348,259.875765869,-0.235370783
2025-10-14,287,282.082191781,2025-10-14T06:11:34.207222Z,2025-10-14T17:19:41.156565Z,371.570120367,1039.685942750,668.115822376,100.393908777,259.372698779,-0.233392444
2025-10-15,288,283.068493151,2025-10-15T06:12:43.044562Z,2025-10-15T17:18:05.702802Z,372.717409367,1038.095046700,665.377637325,100.896728218,258.871908496,-0.231363286
2025-10-16,289,284.054794521,2025-10-16T06:13:52.226226Z,2025-10-16T17:16:31.080775Z,373.870437100,1036.518012917,662.647575811,101.397186398,258.373531942,-0.229281659
2025-10-17,290,285.041095890,2025-10-17T06:15:01.750084Z,2025-10-17T17:14:57.323990Z,375.029168067,1034.955399833,659.926231770,101.895144024,257.877708408,-0.227147567
2025-10-18,291,286.027397260,2025-10-18T06:16:11.612295Z,2025-10-18T17:13:24.465349Z,376.193538250,1033.407755817,657.214217563,102.390459803,257.384578217,-0.224961980
2025-10-19,292,287.013698630,2025-10-19T06:17:21.807547Z,2025-10-19T17:11:52.537757Z,377.363459117,1031.875629283,654.512170161,102.882990497,256.894283302,-0.222726202
2025-10-20,293,288.000000000,2025-10-20T06:18:32.329950Z,2025-10-20T17:10:21.574723Z,378.538832500,1030.359578717,651.820746215,103.372593542,256.406968175,-0.220438283
2025-10-21,294,288.986301370,2025-10-21T06:19:43.171801Z,2025-10-21T17:08:51.609347Z,379.719530017,1028.860155783,649.140625770,103.859122851,255.922777431,-0.218099717
2025-10-22,295,289.972602740,2025-10-22T06:20:54.324574Z,2025-10-22T17:07:22.675128Z,380.905409567,1027.377918800,646.472509229,104.342431545,255.441856904,-0.215711551
2025-10-23,296,290.958904110,2025-10-23T06:22:05.778951Z,2025-10-23T17:05:54.805828Z,382.096315850,1025.913430467,643.817114616,104.822372453,254.964353836,-0.213273711
2025-10-24,297,291.945205479,2025-10-24T06:23:17.524350Z,2025-10-24T17:04:28.035746Z,383.292072500,1024.467262433,641.175189921,105.298795816,254.490417676,-0.210786508
2025-10-25,298,292.931506849,2025-10-25T06:24:29.549585Z,2025-10-25T17:03:02.399048Z,384.492493083,1023.039984133,638.547491048,105.771552402,254.020197886,-0.208249712
2025-10-26,299,293.917808219,2025-10-26T06:25:41.841460Z,2025-10-26T17:01:37.930697Z,385.697357667,1021.632178283,635.934820608,106.240488777,253.553846464,-0.205664760
2025-10-27,300,294.904109589,2025-10-27T06:26:54.386628Z,2025-10-27T17:00:14.665344Z,386.906443800,1020.244422400,633.337978598,106.705453063,253.091515383,-0.203031554
2025-10-28,301,295.890410959,2025-10-28T06:28:07.169849Z,2025-10-28T16:58:52.638758Z,388.119497483,1018.877312633,630.757815142,107.166289795,252.633359078,-0.200351127
2025-10-29,302,296.876712329,2025-10-29T06:29:20.176216Z,2025-10-29T16:57:31.886540Z,389.336270267,1017.531442333,628.195172053,107.622846090,252.179531163,-0.197622747
2025-10-30,303,297.863013699,2025-10-30T06:30:33.388855Z,2025-10-30T16:56:12.444715Z,390.556480917,1016.207411917,625.650931004,108.074965163,251.730184750,-0.194850087
2025-10-31,304,298.849315068,2025-10-31T06:31:46.791469Z,2025-10-31T16:54:54.350794Z,391.779857817,1014.905846567,623.125988763,108.522493000,251.285475249,-0.192031750
2025-11-01,305,299.835616438,2025-11-01T06:33:00.367433Z,2025-11-01T16:53:37.642099Z,393.006123883,1013.627368317,620.621244426,108.965275527,250.845553913,-0.189170560
2025-11-02,306,300.821917808,2025-11-02T06:34:14.099528Z,2025-11-02T16:52:22.357064Z,394.234992133,1012.372617733,618.137625597,109.403158892,250.410572732,-0.186268376
2025-11-03,307,301.808219178,2025-11-03T06:35:27.972017Z,2025-11-03T16:51:08.534285Z,395.466200283,1011.142238083,615.676037811,109.835994508,249.980679269,-0.183326223
2025-11-04,308,302.794520548,2025-11-04T06:36:41.968320Z,2025-11-04T16:49:56.212621Z,396.699472000,1009.936877017,613.237405019,110.263634014,249.556019062,-0.180346924
2025-11-05,309,303.780821918,2025-11-05T06:37:56.072253Z,2025-11-05T16:48:45.431298Z,397.934537550,1008.757188300,610.822650754,110.685932420,249.136737631,-0.177329949
2025-11-06,310,304.767123288,2025-11-06T06:39:10.265909Z,2025-11-06T16:47:36.229870Z,399.171098483,1007.603831167,608.432732695,111.102741742,248.722982294,-0.174275964
2025-11-07,311,305.753424658,2025-11-07T06:40:24.529834Z,2025-11-07T16:46:28.648471Z,400.408830567,1006.477474517,606.068643950,111.513911609,248.314905579,-0.171182812
2025-11-08,312,306.739726027,2025-11-08T06:41:38.842058Z,2025-11-08T16:45:22.727577Z,401.647367633,1005.378792950,603.731425302,111.919285699,247.912665899,-0.168048402
2025-11-09,313,307.726027397,2025-11-09T06:42:53.177139Z,2025-11-09T16:44:18.508036Z,402.886285650,1004.308467267,601.422181620,112.318700091,247.516428418,-0.164871492
2025-11-10,314,308.712328767,2025-11-10T06:44:07.507234Z,2025-11-10T16:43:16.030368Z,404.125120567,1003.267172800,599.142052234,112.711986805,247.126362744,-0.161650451
2025-11-11,315,309.698630137,2025-11-11T06:45:21.801162Z,2025-11-11T16:42:15.334191Z,405.363352700,1002.255569850,596.892217150,113.098973525,246.742641389,-0.158385087
2025-11-12,316,310.684931507,2025-11-12T06:46:36.024379Z,2025-11-12T16:41:16.458419Z,406.600406317,1001.274306983,594.673900654,113.479484036,246.365439922,-0.155076042
2025-11-13,317,311.671232877,2025-11-13T06:47:50.140354Z,2025-11-13T16:40:19.440403Z,407.835672567,1000.324006717,592.488334136,113.853343384,245.994934184,-0.151722432
2025-11-14,318,312.657534247,2025-11-14T06:49:04.109049Z,2025-11-14T16:39:24.316120Z,409.068484150,999.405268667,590.336784512,114.220373833,245.631300528,-0.148325639
2025-11-15,319,313.643835616,2025-11-15T06:50:17.888487Z,2025-11-15T16:38:31.120094Z,410.298141450,998.518668233,588.220526788,114.580398706,245.274715539,-0.144885755
2025-11-16,320,314.630136986,2025-11-16T06:51:31.433651Z,2025-11-16T16:37:39.886018Z,411.523894183,997.664766967,586.140872784,114.933239225,244.925356406,-0.141404369
2025-11-17,321,315.616438356,2025-11-17T06:52:44.698595Z,2025-11-17T16:36:50.646404Z,412.744976583,996.844106733,584.099130135,115.278719967,244.583399958,-0.137880075
2025-11-18,322,316.602739726,2025-11-18T06:53:57.634401Z,2025-11-18T16:36:03.432179Z,413.960573350,996.057202983,582.096629637,115.616662986,244.249020622,-0.134316392
2025-11-19,323,317.589041096,2025-11-19T06:55:10.191199Z,2025-11-19T16:35:18.274112Z,415.169853317,995.304568533,580.134715216,115.946892852,243.922394356,-0.130712792
2025-11-20,324,318.575342466,2025-11-20T06:56:22.317860Z,2025-11-20T16:34:35.201471Z,416.371964333,994.586691183,578.214726850,116.269236050,243.603694727,-0.127069223
2025-11-21,325,319.561643836,2025-11-21T06:57:33.960936Z,2025-11-21T16:33:54.242258Z,417.566015600,993.904037633,576.338022030,116.583518092,243.293093340,-0.123388567
2025-11-22,326,320.547945205,2025-11-22T06:58:45.066563Z,2025-11-22T16:33:15.423874Z,418.751109383,993.257064567,574.505955184,116.889567916,242.990762083,-0.119670002
2025-11-23,327,321.534246575,2025-11-23T06:59:55.579168Z,2025-11-23T16:32:38.772412Z,419.926319467,992.646206867,572.719887400,117.187215031,242.696870714,-0.115914255
2025-11-24,328,322.520547945,2025-11-24T07:01:05.442073Z,2025-11-24T16:32:04.312192Z,421.090701217,992.071869867,570.981168643,117.476290887,242.411585489,-0.112123625
2025-11-25,329,323.506849315,2025-11-25T07:02:14.597720Z,2025-11-25T16:31:32.067374Z,422.243295333,991.534456233,569.291160901,117.756629144,242.135073351,-0.108297506
2025-11-26,330,324.493150685,2025-11-26T07:03:22.987746Z,2025-11-26T16:31:02.060186Z,423.383129100,991.034336433,567.651207342,118.028065681,241.867495794,-0.104438525
2025-11-27,331,325.479452055,2025-11-27T07:04:30.553806Z,2025-11-27T16:30:34.312391Z,424.509230100,990.571873183,566.062643087,118.290440559,241.609012737,-0.100546704
2025-11-28,332,326.465753425,2025-11-28T07:05:37.237752Z,2025-11-28T16:30:08.844498Z,425.620629200,990.147408300,564.526779090,118.543597416,241.359778941,-0.096623643
2025-11-29,333,327.452054795,2025-11-29T07:06:42.981856Z,2025-11-29T16:29:45.676043Z,426.716364267,989.761267383,563.044903121,118.787384291,241.119944130,-0.092671579
2025-11-30,334,328.438356164,2025-11-30T07:07:47.729245Z,2025-11-30T16:29:24.826157Z,427.795487417,989.413769283,561.618281879,119.021653804,240.889653407,-0.088692790
2025-12-01,335,329.424657534,2025-12-01T07:08:51.425070Z,2025-12-01T16:29:06.312874Z,428.857084500,989.105214567,560.248130069,119.246266659,240.669044570,-0.084688772
2025-12-02,336,330.410958904,2025-12-02T07:09:54.015389Z,2025-12-02T16:28:50.152420Z,429.900256483,988.835873667,558.935617178,119.461090089,240.458248092,-0.080661819
2025-12-03,337,331.397260274,2025-12-03T07:10:55.448185Z,2025-12-03T16:28:36.359750Z,430.924136417,988.605995833,557.681859406,119.665998405,240.257387000,-0.076614596
2025-12-04,338,332.383561644,2025-12-04T07:11:55.672144Z,2025-12-04T16:28:24.949344Z,431.927869067,988.415822400,556.487953338,119.860871316,240.066583258,-0.072545426
2025-12-05,339,333.369863014,2025-12-05T07:12:54.636035Z,2025-12-05T16:28:15.933303Z,432.910600583,988.265555050,555.354954462,120.045590778,239.885953714,-0.068455507
2025-12-06,340,334.356164384,2025-12-06T07:13:52.287820Z,2025-12-06T16:28:09.323155Z,433.871463667,988.155385917,554.283922240,120.220038835,239.715617051,-0.064344113
2025-12-07,341,335.342465753,2025-12-07T07:14:48.575134Z,2025-12-07T16:28:05.128929Z,434.809585567,988.085482150,553.275896586,120.384098579,239.555691723,-0.060209697
2025-12-08,342,336.328767123,2025-12-08T07:15:43.444591Z,2025-12-08T16:28:03.358759Z,435.724076517,988.055979317,552.331902805,120.537653412,239.406294913,-0.056051675
2025-12-09,343,337.315068493,2025-12-09T07:16:36.841891Z,2025-12-09T16:28:04.017642Z,436.614031517,988.066960700,551.452929176,120.680588762,239.267538783,-0.051872455
2025-12-10,344,338.301369863,2025-12-10T07:17:28.713319Z,2025-12-10T16:28:07.107840Z,437.478555317,988.118464000,550.639908678,120.812797850,239.139530855,-0.047671294
2025-12-11,345,339.287671233,2025-12-11T07:18:19.004281Z,2025-12-11T16:28:12.627632Z,438.316738017,988.210460533,549.893722517,120.934178708,239.022370754,-0.043450538
2025-12-12,346,340.273972603,2025-12-12T07:19:07.660391Z,2025-12-12T16:28:20.571452Z,439.127673183,988.342857533,549.215184347,121.044637142,238.916150103,-0.039212755
2025-12-13,347,341.260273973,2025-12-13T07:19:54.627930Z,2025-12-13T16:28:30.930319Z,439.910465500,988.515505317,548.605039824,121.144088176,238.820953286,-0.034958538
2025-12-14,348,342.246575342,2025-12-14T07:20:39.853458Z,2025-12-14T16:28:43.691650Z,440.664224300,988.728194167,548.063969870,121.232453722,238.736856669,-0.030689609
2025-12-15,349,343.232876712,2025-12-15T07:21:23.284603Z,2025-12-15T16:28:58.839229Z,441.388076717,988.980653817,547.592577112,121.309664789,238.663927469,-0.026407743
2025-12-16,350,344.219178082,2025-12-16T07:22:04.869698Z,2025-12-16T16:29:16.353808Z,442.081161633,989.272563467,547.191401848,121.375659221,238.602225110,-0.022115669
2025-12-17,351,345.205479452,2025-12-17T07:22:44.558970Z,2025-12-17T16:29:36.213233Z,442.742649500,989.603553883,546.860904370,121.430384978,238.551800961,-0.017814061
2025-12-18,352,346.191780822,2025-12-18T07:23:22.304512Z,2025-12-18T16:29:58.392109Z,443.371741867,989.973201817,546.601459944,121.473799023,238.512696920,-0.013504057
2025-12-19,353,347.178082192,2025-12-19T07:23:58.059486Z,2025-12-19T16:30:22.861920Z,443.967658100,990.381032000,546.413373901,121.505865599,238.484945828,-0.009188573
2025-12-20,354,348.164383562,2025-12-20T07:24:31.779122Z,2025-12-20T16:30:49.591809Z,444.529652033,990.826530150,546.296878123,121.526557803,238.468573580,-0.004868617
2025-12-21,355,349.150684932,2025-12-21T07:25:03.421041Z,2025-12-21T16:31:18.547560Z,445.057017350,991.309126000,546.252108635,121.535858737,238.463595831,-0.000545433
2025-12-22,356,350.136986301,2025-12-22T07:25:32.944005Z,2025-12-22T16:31:49.692895Z,445.549066750,991.828214917,546.279148167,121.533757477,238.470021543,0.003779020
2025-12-23,357,351.123287671,2025-12-23T07:26:00.309709Z,2025-12-23T16:32:22.989013Z,446.005161817,992.383150217,546.377988405,121.520253697,238.487850768,0.008104465
2025-12-24,358,352.109589041,2025-12-24T07:26:25.481878Z,2025-12-24T16:32:58.394134Z,446.424697967,992.973235567,546.548537596,121.495354006,238.517073204,0.012427211
2025-12-25,359,353.095890411,2025-12-25T07:26:48.427023Z,2025-12-25T16:33:35.865834Z,446.807117050,993.597763900,546.790646847,121.459074155,238.557673150,0.016747305
2025-12-26,360,354.082191781,2025-12-26T07:27:09.115238Z,2025-12-26T16:34:15.359512Z,447.151920633,994.255991867,547.104071243,121.411439385,238.609624519,0.021063904
2025-12-27,361,355.068493151,2025-12-27T07:27:27.519187Z,2025-12-27T16:34:56.829124Z,447.458653117,994.947152067,547.488498957,121.352481563,238.672891474,0.025373037
2025-12-28,362,356.054794521,2025-12-28T07:27:43.616276Z,2025-12-28T16:35:40.228061Z,447.726937933,995.670467683,547.943529747,121.282243794,238.747429931,0.029673725
2025-12-29,363,357.041095890,2025-12-29T07:27:57.387501Z,2025-12-29T16:36:25.509195Z,447.956458350,996.425153250,548.468694894,121.200777380,238.833187157,0.033964538
2025-12-30,364,358.027397260,2025-12-30T07:28:08.818378Z,2025-12-30T16:37:12.624387Z,448.146972967,997.210406450,549.063433485,121.108143601,238.930099760,0.038243361
2025-12-31,365,359.013698630,2025-12-31T07:28:17.898034Z,2025-12-31T16:38:01.524801Z,448.298300567,998.025413350,549.727112796,121.004411524,239.038095918,0.042507442
