date,sunrise_utc,sunset_utc,daylight_min,sunrise_azimuth_deg,sunset_azimuth_deg
2025-01-01,2025-01-01T07:28:25.966688Z,2025-01-01T16:39:04.438172Z,550.641191400,120.861254016,239.186492555
2025-01-02,2025-01-02T07:28:29.942903Z,2025-01-02T16:39:57.391627Z,551.457478733,120.732828679,239.319167137
2025-01-03,2025-01-03T07:28:31.538115Z,2025-01-03T16:40:51.967282Z,552.340486117,120.593527245,239.462702252
2025-01-04,2025-01-04T07:28:30.744049Z,2025-01-04T16:41:48.105167Z,553.289351967,120.443443293,239.617002826
2025-01-05,2025-01-05T07:28:27.555826Z,2025-01-05T16:42:45.745177Z,554.303155850,120.282677680,239.781966233
2025-01-06,2025-01-06T07:28:21.972262Z,2025-01-06T16:43:44.827224Z,555.380916033,120.111338977,239.957481945
2025-01-07,2025-01-07T07:28:13.995985Z,2025-01-07T16:44:45.291496Z,556.521591850,119.929543595,240.143431585
2025-01-08,2025-01-08T07:28:03.633506Z,2025-01-08T16:45:47.078812Z,557.724088433,119.737415387,240.339689549
2025-01-09,2025-01-09T07:27:50.895048Z,2025-01-09T16:46:50.130806Z,558.987262633,119.535084671,240.546124213
2025-01-10,2025-01-10T07:27:35.794049Z,2025-01-10T16:47:54.390196Z,560.309935783,119.322686717,240.762599596
2025-01-11,2025-01-11T07:27:18.346672Z,2025-01-11T16:48:59.800982Z,561.690905167,119.100359950,240.988977186
2025-01-12,2025-01-12T07:26:58.571156Z,2025-01-12T16:50:06.308448Z,563.128954867,118.868244232,241.225117510
2025-01-13,2025-01-13T07:26:36.487245Z,2025-01-13T16:51:13.859138Z,564.622864883,118.626479676,241.470881003
2025-01-14,2025-01-14T07:26:12.115914Z,2025-01-14T16:52:22.400722Z,566.171413467,118.375206317,241.726127998
2025-01-15,2025-01-15T07:25:45.479167Z,2025-01-15T16:53:31.881540Z,567.773372883,118.114564635,241.990717935
2025-01-16,2025-01-16T07:25:16.599878Z,2025-01-16T16:54:42.250253Z,569.427506250,117.844696608,242.264508234
2025-01-17,2025-01-17T07:24:45.501846Z,2025-01-17T16:55:53.455548Z,571.132561700,117.565746832,242.547353257
2025-01-18,2025-01-18T07:24:12.209819Z,2025-01-18T16:57:05.446108Z,572.887271483,117.277863325,242.839103667
2025-01-19,2025-01-19T07:23:36.749591Z,2025-01-19T16:58:18.170624Z,574.690350550,116.981197876,243.139606232
2025-01-20,2025-01-20T07:22:59.147898Z,2025-01-20T16:59:31.577788Z,576.540498167,116.675906051,243.448703929
2025-01-21,2025-01-21T07:22:19.432373Z,2025-01-21T17:00:45.616568Z,578.436403250,116.362146973,243.766236197
2025-01-22,2025-01-22T07:21:37.631599Z,2025-01-22T17:02:00.236231Z,580.376743867,116.040083062,244.092039200
2025-01-23,2025-01-23T07:20:53.774947Z,2025-01-23T17:03:15.386519Z,582.360192867,115.709879791,244.425946044
2025-01-24,2025-01-24T07:20:07.892571Z,2025-01-24T17:04:31.017565Z,584.385416567,115.371705516,244.767786917
2025-01-25,2025-01-25T07:19:20.015262Z,2025-01-25T17:05:47.080128Z,586.451081100,115.025731385,245.117389184
2025-01-26,2025-01-26T07:18:30.174444Z,2025-01-26T17:07:03.525240Z,588.555846600,114.672131231,245.474577534
2025-01-27,2025-01-27T07:17:38.401736Z,2025-01-27T17:08:20.304404Z,590.698377800,114.311081336,245.839174313
2025-01-28,2025-01-28T07:16:44.729045Z,2025-01-28T17:09:37.369643Z,592.877343300,113.942759900,246.211000183
2025-01-29,2025-01-29T07:15:49.188186Z,2025-01-29T17:10:54.673628Z,595.091424033,113.567346219,246.589875033
2025-01-30,2025-01-30T07:14:51.810893Z,2025-01-30T17:12:12.170258Z,597.339322750,113.185019742,246.975618901
2025-01-31,2025-01-31T07:13:52.629105Z,2025-01-31T17:13:29.815061Z,599.619765933,112.795959349,247.368052526
2025-02-01,2025-02-01T07:12:51.675163Z,2025-02-01T17:14:47.565523Z,601.931506000,112.400343120,247.766997348
2025-02-02,2025-02-02T07:11:48.982239Z,2025-02-02T17:16:05.381453Z,604.273320233,111.998348601,248.172275122
2025-02-03,2025-02-03T07:10:44.584798Z,2025-02-03T17:17:23.225294Z,606.644008267,111.590153217,248.583707574
2025-02-04,2025-02-04T07:09:38.518847Z,2025-02-04T17:18:41.062263Z,609.042390267,111.175934387,249.001116528
2025-02-05,2025-02-05T07:08:30.821856Z,2025-02-05T17:19:58.860456Z,611.467310000,110.755869057,249.424324610
2025-02-06,2025-02-06T07:07:21.532527Z,2025-02-06T17:21:16.590966Z,613.917640650,110.330132724,249.853156378
2025-02-07,2025-02-07T07:06:10.690468Z,2025-02-07T17:22:34.227923Z,616.392290917,109.898898240,250.287439532
2025-02-08,2025-02-08T07:04:58.335808Z,2025-02-08T17:23:51.748435Z,618.890210450,109.462334703,250.727005922
2025-02-09,2025-02-09T07:03:44.508847Z,2025-02-09T17:25:09.132468Z,621.410393683,109.020606672,251.171692172
2025-02-10,2025-02-10T07:02:29.249763Z,2025-02-10T17:26:26.362531Z,623.951879467,108.573873805,251.621339825
2025-02-11,2025-02-11T07:01:12.598329Z,2025-02-11T17:27:43.423366Z,626.513750617,108.122290989,252.075795006
2025-02-12,2025-02-12T06:59:54.593920Z,2025-02-12T17:29:00.301826Z,629.095131767,107.666008923,252.534907674
2025-02-13,2025-02-13T06:58:35.275608Z,2025-02-13T17:30:16.986349Z,631.695179017,107.205175046,252.998530588
2025-02-14,2025-02-14T06:57:14.681975Z,2025-02-14T17:31:33.466566Z,634.313076517,106.739934606,253.466518259
2025-02-15,2025-02-15T06:55:52.851184Z,2025-02-15T17:32:49.732996Z,636.948030200,106.270431634,253.938726053
2025-02-16,2025-02-16T06:54:29.821048Z,2025-02-16T17:34:05.777040Z,639.599266533,105.796809660,254.415009605
2025-02-17,2025-02-17T06:53:05.629166Z,2025-02-17T17:35:21.590751Z,642.266026417,105.319212141,254.895224495
2025-02-18,2025-02-18T06:51:40.312764Z,2025-02-18T17:36:37.166743Z,644.947566317,104.837782665,255.379226130
2025-02-19,2025-02-19T06:50:13.908776Z,2025-02-19T17:37:52.498273Z,647.643158283,104.352665009,255.866869702
2025-02-20,2025-02-20T06:48:46.453874Z,2025-02-20T17:39:07.579091Z,650.352086950,103.864003155,256.358010173
2025-02-21,2025-02-21T06:47:17.984335Z,2025-02-21T17:40:22.403386Z,653.073650850,103.371941324,256.852502198
2025-02-22,2025-02-22T06:45:48.536072Z,2025-02-22T17:41:36.965712Z,655.807160667,102.876624108,257.350199964
2025-02-23,2025-02-23T06:44:18.144610Z,2025-02-23T17:42:51.260819Z,658.551936817,102.378196690,257.850956948
2025-02-24,2025-02-24T06:42:46.844999Z,2025-02-24T17:44:05.283468Z,661.307307817,101.876805062,258.354625763
2025-02-25,2025-02-25T06:41:14.671696Z,2025-02-25T17:45:19.028272Z,664.072609600,101.372596053,258.861058275
2025-02-26,2025-02-26T06:39:41.658365Z,2025-02-26T17:46:32.489671Z,666.847188433,100.865716968,259.370106148
2025-02-27,2025-02-27T06:38:07.837728Z,2025-02-27T17:47:45.662108Z,669.630406333,100.356314864,259.881621703
2025-02-28,2025-02-28T06:36:33.241575Z,2025-02-28T17:48:58.540305Z,672.421645500,99.844535690,260.395458705
2025-03-01,2025-03-01T06:34:57.900931Z,2025-03-01T17:50:11.119613Z,675.220311367,99.330523733,260.911472666
2025-03-02,2025-03-02T06:33:21.846468Z,2025-03-02T17:51:23.396363Z,678.025831583,98.814421626,261.429520592
2025-03-03,2025-03-03T06:31:45.109030Z,2025-03-03T17:52:35.368277Z,680.837654117,98.296370735,261.949460589
2025-03-04,2025-03-04T06:30:07.720127Z,2025-03-04T17:53:47.034784Z,683.655244283,97.776511404,262.471151884
2025-03-05,2025-03-05T06:28:29.712120Z,2025-03-05T17:54:58.397262Z,686.478085700,97.254982584,262.994455512
2025-03-06,2025-03-06T06:26:51.118152Z,2025-03-06T17:56:09.459164Z,689.305683533,96.731920882,263.519235425
2025-03-07,2025-03-07T06:25:11.971877Z,2025-03-07T17:57:20.226017Z,692.137569000,96.207459435,264.045359532
2025-03-08,2025-03-08T06:23:32.307150Z,2025-03-08T17:58:30.705294Z,694.973302400,95.681727072,264.572700316
2025-03-09,2025-03-09T06:21:52.157793Z,2025-03-09T17:59:40.906229Z,697.812473933,95.154847983,265.101134937
2025-03-10,2025-03-10T06:20:11.557464Z,2025-03-10T18:00:50.839542Z,700.654701300,94.626941843,265.630544941
2025-03-11,2025-03-11T06:18:30.539565Z,2025-03-11T18:02:00.517200Z,703.499627250,94.098124228,266.160815727
2025-03-12,2025-03-12T06:16:49.137227Z,2025-03-12T18:03:09.952140Z,706.346915217,93.568507222,266.691835879
2025-03-13,2025-03-13T06:15:07.383295Z,2025-03-13T18:04:19.158000Z,709.196245083,93.038200146,267.223496372
2025-03-14,2025-03-14T06:13:25.310351Z,2025-03-14T18:05:28.148834Z,712.047308050,92.507310377,267.755689723
2025-03-15,2025-03-15T06:11:42.950754Z,2025-03-15T18:06:36.938867Z,714.899801883,91.975944188,268.288309180
2025-03-16,2025-03-16T06:10:00.336680Z,2025-03-16T18:07:45.542270Z,717.753426500,91.444207494,268.821248028
2025-03-17,2025-03-17T06:08:17.500145Z,2025-03-17T18:08:53.973004Z,720.607880983,90.912206447,269.354399077
2025-03-18,2025-03-18T06:06:34.473048Z,2025-03-18T18:10:02.244714Z,723.462861100,90.380047876,269.887654286
2025-03-19,2025-03-19T06:04:51.287193Z,2025-03-19T18:11:10.370611Z,726.318056967,89.847839591,270.420904503
2025-03-20,2025-03-20T06:03:07.974297Z,2025-03-20T18:12:18.363387Z,729.173151500,89.315690602,270.954039278
2025-03-21,2025-03-21T06:01:24.565990Z,2025-03-21T18:13:26.235143Z,732.027819217,88.783711276,271.486946715
2025-03-22,2025-03-22T05:59:41.093805Z,2025-03-22T18:14:33.997289Z,734.881724733,88.252013492,272.019513291
2025-03-23,2025-03-23T05:57:57.589157Z,2025-03-23T18:15:41.660407Z,737.734520833,87.720710859,272.551623594
2025-03-24,2025-03-24T05:56:14.083305Z,2025-03-24T18:16:49.234041Z,740.585845600,87.189919008,273.083160028
2025-03-25,2025-03-25T05:54:30.607260Z,2025-03-25T18:17:56.726486Z,743.435320433,86.659755821,273.614002693
2025-03-26,2025-03-26T05:52:47.191620Z,2025-03-26T18:19:04.144634Z,746.282550233,86.130341393,274.144029647
2025-03-27,2025-03-27T05:51:03.866323Z,2025-03-27T18:20:11.493918Z,749.127126583,85.601797559,274.673117605
2025-03-28,2025-03-28T05:49:20.660400Z,2025-03-28T18:21:18.778395Z,751.968633250,85.074247067,275.201142802
2025-03-29,2025-03-29T05:47:37.601919Z,2025-03-29T18:22:26.000950Z,754.806650517,84.547812803,275.727981543
2025-03-30,2025-03-30T05:45:54.718211Z,2025-03-30T18:23:33.163609Z,757.640756633,84.022617546,276.253510113
2025-03-31,2025-03-31T05:44:12.036378Z,2025-03-31T18:24:40.267958Z,760.470526333,83.498784306,276.777604305
2025-04-01,2025-04-01T05:42:29.583902Z,2025-04-01T18:25:47.315648Z,763.295529100,82.976436765,277.300139227
2025-04-02,2025-04-02T05:40:47.389124Z,2025-04-02T18:26:54.308878Z,766.115329233,82.455699100,277.820989927
2025-04-03,2025-04-03T05:39:05.481417Z,2025-04-03T18:28:01.250781Z,768.929489400,81.936694987,278.340032690
2025-04-04,2025-04-04T05:37:23.891068Z,2025-04-04T18:29:08.145609Z,771.737575683,81.419546220,278.857146379
2025-04-05,2025-04-05T05:35:42.649002Z,2025-04-05T18:30:14.998698Z,774.539161600,80.904371598,279.372213213
2025-04-06,2025-04-06T05:34:01.786538Z,2025-04-06T18:31:21.816276Z,777.333828967,80.391286495,279.885118821
2025-04-07,2025-04-07T05:32:21.335229Z,2025-04-07T18:32:28.605167Z,780.121165633,79.880403065,280.395751796
2025-04-08,2025-04-08T05:30:41.326791Z,2025-04-08T18:33:35.372513Z,782.900762033,79.371830812,280.904003052
2025-04-09,2025-04-09T05:29:01.793071Z,2025-04-09T18:34:42.125532Z,785.672207683,78.865677241,281.409765187
2025-04-10,2025-04-10T05:27:22.766037Z,2025-04-10T18:35:48.871309Z,788.435087867,78.362048477,281.912931871
2025-04-11,2025-04-11T05:25:44.277779Z,2025-04-11T18:36:55.616584Z,791.188980083,77.861049861,282.413397227
2025-04-12,2025-04-12T05:24:06.360540Z,2025-04-12T18:38:02.367559Z,793.933450317,77.362786563,282.911055211
2025-04-13,2025-04-13T05:22:29.046753Z,2025-04-13T18:39:09.129703Z,796.668049167,76.867364187,283.405799027
2025-04-14,2025-04-14T05:20:52.369060Z,2025-04-14T18:40:15.907590Z,799.392308833,76.374889334,283.897520606
2025-04-15,2025-04-15T05:19:16.360335Z,2025-04-15T18:41:22.704748Z,802.105740217,75.885470079,284.386110161
2025-04-16,2025-04-16T05:17:41.053698Z,2025-04-16T18:42:29.523513Z,804.807830250,75.399216391,284.871455776
2025-04-17,2025-04-17T05:16:06.482526Z,2025-04-17T18:43:36.364886Z,807.498039333,74.916240497,285.353443079
2025-04-18,2025-04-18T05:14:32.680456Z,2025-04-18T18:44:43.228410Z,810.175799233,74.436657175,285.831955003
2025-04-19,2025-04-19T05:12:59.681363Z,2025-04-19T18:45:50.112066Z,812.840511717,73.960583965,286.306871628
2025-04-20,2025-04-20T05:11:27.519316Z,2025-04-20T18:46:57.012143Z,815.491547117,73.488141314,286.778070031
2025-04-21,2025-04-21T05:09:56.228508Z,2025-04-21T18:48:03.923065Z,818.128242617,73.019452720,287.245424133
2025-04-22,2025-04-22T05:08:25.843151Z,2025-04-22T18:49:10.837183Z,820.749900533,72.554644841,287.708804664
2025-04-23,2025-04-23T05:06:56.397290Z,2025-04-23T18:50:17.744593Z,823.355788383,72.093847431,288.168079459
2025-04-24,2025-04-24T05:05:27.924507Z,2025-04-24T18:51:24.633010Z,825.945141717,71.637192885,288.623114184
2025-04-25,2025-04-25T05:04:00.457524Z,2025-04-25T18:52:31.487714Z,828.517169833,71.184815376,289.073773297
2025-04-26,2025-04-26T05:02:34.027872Z,2025-04-26T18:53:38.291561Z,831.071061483,70.736849902,289.519920770
2025-04-27,2025-04-27T05:01:08.665813Z,2025-04-27T18:54:45.025086Z,833.605987883,70.293431812,289.961420101
2025-04-28,2025-04-28T04:59:44.400659Z,2025-04-28T18:55:51.666769Z,836.121101833,69.854697177,290.398133617
2025-04-29,2025-04-29T04:58:21.261401Z,2025-04-29T18:56:58.193522Z,838.615535350,69.420783627,290.829921758
2025-04-30,2025-04-30T04:56:59.277424Z,2025-04-30T18:58:04.581349Z,841.088398750,68.991830792,291.256643190
2025-05-01,2025-05-01T04:55:38.478982Z,2025-05-01T18:59:10.806012Z,843.538783833,68.567979668,291.678156029
2025-05-02,2025-05-02T04:54:18.897324Z,2025-05-02T19:00:16.843551Z,845.965770450,68.149371097,292.094319577
2025-05-03,2025-05-03T04:53:00.564499Z,2025-05-03T19:01:22.670499Z,848.368433333,67.736144127,292.504995693
2025-05-04,2025-05-04T04:51:43.513064Z,2025-05-04T19:02:28.263813Z,850.745845817,67.328434982,292.910049314
2025-05-05,2025-05-05T04:50:27.775825Z,2025-05-05T19:03:33.600625Z,853.097080000,66.926376883,293.309348210
2025-05-06,2025-05-06T04:49:13.385707Z,2025-05-06T19:04:38.657949Z,855.421204033,66.530100460,293.702762408
2025-05-07,2025-05-07T04:48:00.375675Z,2025-05-07T19:05:43.412436Z,857.717279350,66.139734382,294.090163602
2025-05-08,2025-05-08T04:46:48.778681Z,2025-05-08T19:06:47.840198Z,859.984358617,65.755405906,294.471424691
2025-05-09,2025-05-09T04:45:38.627615Z,2025-05-09T19:07:51.916667Z,862.221484200,65.377241298,294.846419381
2025-05-10,2025-05-10T04:44:29.955288Z,2025-05-10T19:08:55.616474Z,864.427686433,65.005366198,295.215021792
2025-05-11,2025-05-11T04:43:22.794432Z,2025-05-11T19:09:58.913329Z,866.601981617,64.639905992,295.577106094
2025-05-12,2025-05-12T04:42:17.177703Z,2025-05-12T19:11:01.779921Z,868.743370300,64.280986188,295.932546158
2025-05-13,2025-05-13T04:41:13.137678Z,2025-05-13T19:12:04.187825Z,870.850835783,63.928732772,296.281215223
2025-05-14,2025-05-14T04:40:10.706833Z,2025-05-14T19:13:06.107383Z,872.923342500,63.583272541,296.622985544
2025-05-15,2025-05-15T04:39:09.917513Z,2025-05-15T19:14:07.507576Z,874.959834383,63.244733428,296.957728062
2025-05-16,2025-05-16T04:38:10.801896Z,2025-05-16T19:15:08.355900Z,876.959233400,62.913244796,297.285312171
2025-05-17,2025-05-17T04:37:13.391928Z,2025-05-17T19:16:08.618278Z,878.920439167,62.588937631,297.605605654
2025-05-18,2025-05-18T04:36:17.719202Z,2025-05-18T19:17:08.258991Z,880.842329817,62.271944553,297.918474785
2025-05-19,2025-05-19T04:35:23.814798Z,2025-05-19T19:18:07.240606Z,882.723763467,61.962399659,298.223784564
2025-05-20,2025-05-20T04:34:31.709053Z,2025-05-20T19:19:05.523894Z,884.563580683,61.660438204,298.521399127
2025-05-21,2025-05-21T04:33:41.431278Z,2025-05-21T19:20:03.067777Z,886.360608317,61.366196100,298.811182467
2025-05-22,2025-05-22T04:32:53.009357Z,2025-05-22T19:20:59.829314Z,888.113665950,61.079809076,299.092999538
2025-05-23,2025-05-23T04:32:06.469239Z,2025-05-23T19:21:55.763738Z,889.821574983,60.801411491,299.366717564
2025-05-24,2025-05-24T04:31:21.834422Z,2025-05-24T19:22:50.824488Z,891.483167767,60.531135033,299.632207096
2025-05-25,2025-05-25T04:30:39.125615Z,2025-05-25T19:23:44.963247Z,893.097293867,60.269107881,299.889342270
2025-05-26,2025-05-26T04:29:58.360791Z,2025-05-26T19:24:38.130053Z,894.662821033,60.015454841,300.138000087
2025-05-27,2025-05-27T04:29:19.555671Z,2025-05-27T19:25:30.273623Z,896.178632533,59.770298384,300.378059221
2025-05-28,2025-05-28T04:28:42.724479Z,2025-05-28T19:26:21.341959Z,897.643624667,59.533759770,300.609399344
2025-05-29,2025-05-29T04:28:07.880656Z,2025-05-29T19:27:11.283173Z,899.056708617,59.305959272,300.831901662
2025-05-30,2025-05-30T04:27:35.037265Z,2025-05-30T19:28:00.046301Z,900.416817267,59.087015153,301.045450518
2025-05-31,2025-05-31T04:27:04.207009Z,2025-05-31T19:28:47.581906Z,901.722914950,58.877041897,301.249935197
2025-06-01,2025-06-01T04:26:35.402006Z,2025-06-01T19:29:33.842337Z,902.974005517,58.676148601,301.445251113
2025-06-02,2025-06-02T04:26:08.633505Z,2025-06-02T19:30:18.781709Z,904.169136733,58.484438098,301.631300127
2025-06-03,2025-06-03T04:25:43.911684Z,2025-06-03T19:31:02.355721Z,905.307400617,58.302006872,301.807990291
2025-06-04,2025-06-04T04:25:21.245525Z,2025-06-04T19:31:44.521474Z,906.387932483,58.128945429,301.975235427
2025-06-05,2025-06-05T04:25:00.642733Z,2025-06-05T19:32:25.237348Z,907.409910250,57.965338734,302.132954774
2025-06-06,2025-06-06T04:24:42.109663Z,2025-06-06T19:33:04.462938Z,908.372554583,57.811266516,302.281072743
2025-06-07,2025-06-07T04:24:25.651270Z,2025-06-07T19:33:42.159026Z,909.275129267,57.666803482,302.419518694
2025-06-08,2025-06-08T04:24:11.271108Z,2025-06-08T19:34:18.287570Z,910.116941033,57.532019503,302.548226706
2025-06-09,2025-06-09T04:23:58.971351Z,2025-06-09T19:34:52.811671Z,910.897338667,57.406979856,302.667135329
2025-06-10,2025-06-10T04:23:48.752804Z,2025-06-10T19:35:25.695568Z,911.615712733,57.291745495,302.776187308
2025-06-11,2025-06-11T04:23:40.614945Z,2025-06-11T19:35:56.904593Z,912.271494133,57.186373362,302.875329241
2025-06-12,2025-06-12T04:23:34.555931Z,2025-06-12T19:36:26.405070Z,912.864152317,57.090916730,302.964511193
2025-06-13,2025-06-13T04:23:30.572590Z,2025-06-13T19:36:54.164221Z,913.393193850,57.005425566,303.043686372
2025-06-14,2025-06-14T04:23:28.660384Z,2025-06-14T19:37:20.150063Z,913.858161317,56.929946787,303.112811007
2025-06-15,2025-06-15T04:23:28.813304Z,2025-06-15T19:37:44.331368Z,914.258634400,56.864524296,303.171844535
2025-06-16,2025-06-16T04:23:31.023671Z,2025-06-16T19:38:06.677648Z,914.594232950,56.809198681,303.220750116
2025-06-17,2025-06-17T04:23:35.281859Z,2025-06-17T19:38:27.159174Z,914.864621917,56.764006578,303.259495415
2025-06-18,2025-06-18T04:23:41.575947Z,2025-06-18T19:38:45.747022Z,915.069517917,56.728979773,303.288053664
2025-06-19,2025-06-19T04:23:49.891315Z,2025-06-19T19:39:02.413142Z,915.208697117,56.704144052,303.306404931
2025-06-20,2025-06-20T04:24:00.210191Z,2025-06-20T19:39:17.130429Z,915.282003967,56.689517905,303.314537376
2025-06-21,2025-06-21T04:24:12.511231Z,2025-06-21T19:39:29.872750Z,915.289358650,56.685111322,303.312448195
2025-06-22,2025-06-22T04:24:26.769244Z,2025-06-22T19:39:40.614938Z,915.230761567,56.690925087,303.300143832
2025-06-23,2025-06-23T04:24:42.955241Z,2025-06-23T19:39:49.332715Z,915.106291233,56.706951046,303.277638989
2025-06-24,2025-06-24T04:25:01.036870Z,2025-06-24T19:39:56.002678Z,914.916096800,56.733173336,303.244954872
2025-06-25,2025-06-25T04:25:20.979163Z,2025-06-25T19:40:00.602560Z,914.660389950,56.769570068,303.202117772
2025-06-26,2025-06-26T04:25:42.745414Z,2025-06-26T19:40:03.111731Z,914.339438617,56.816114715,303.149158296
2025-06-27,2025-06-27T04:26:06.297890Z,2025-06-27T19:40:03.511845Z,913.953565917,56.872776384,303.086111742
2025-06-28,2025-06-28T04:26:31.598255Z,2025-06-28T19:40:01.787436Z,913.503153017,56.939519133,303.013019120
2025-06-29,2025-06-29T04:26:58.607716Z,2025-06-29T19:39:57.926282Z,912.988642767,57.016300899,302.929928088
2025-06-30,2025-06-30T04:27:27.287018Z,2025-06-30T19:39:51.919474Z,912.410540933,57.103072739,302.836893316
2025-07-01,2025-07-01T04:27:57.596410Z,2025-07-01T19:39:43.761266Z,911.769414267,57.199778672,302.733976257
2025-07-02,2025-07-02T04:28:29.495655Z,2025-07-02T19:39:33.448824Z,911.065886150,57.306356041,302.621244613
2025-07-03,2025-07-03T04:29:02.944056Z,2025-07-03T19:39:20.981989Z,910.300632217,57.422736110,302.498771752
2025-07-04,2025-07-04T04:29:37.900515Z,2025-07-04T19:39:06.363077Z,909.474376033,57.548844635,302.366636185
2025-07-05,2025-07-05T04:30:14.323588Z,2025-07-05T19:38:49.596733Z,908.587885750,57.684602371,302.224921088
2025-07-06,2025-07-06T04:30:52.171595Z,2025-07-06T19:38:30.689796Z,907.641970017,57.829925529,302.073713800
2025-07-07,2025-07-07T04:31:31.402755Z,2025-07-07T19:38:09.651180Z,906.637473750,57.984726278,301.913105293
2025-07-08,2025-07-08T04:32:11.975354Z,2025-07-08T19:37:46.491741Z,905.575273117,58.148913301,301.743189571
2025-07-09,2025-07-09T04:32:53.847914Z,2025-07-09T19:37:21.224123Z,904.456270150,58.322392445,301.564062992
2025-07-10,2025-07-10T04:33:36.979363Z,2025-07-10T19:36:53.862561Z,903.281386633,58.505067434,301.375823516
2025-07-11,2025-07-11T04:34:21.329166Z,2025-07-11T19:36:24.422654Z,902.051558133,58.696840615,301.178569994
2025-07-12,2025-07-12T04:35:06.857405Z,2025-07-12T19:35:52.921129Z,900.767728733,58.897613598,300.972401705
2025-07-13,2025-07-13T04:35:53.524751Z,2025-07-13T19:35:19.375668Z,899.430848617,59.107287581,300.757418346
2025-07-14,2025-07-14T04:36:41.292292Z,2025-07-14T19:34:43.804790Z,898.041874967,59.325763158,300.533720580
2025-07-15,2025-07-15T04:37:30.121232Z,2025-07-15T19:34:06.227816Z,896.601776400,59.552939568,300.301411076
2025-07-16,2025-07-16T04:38:19.972482Z,2025-07-16T19:33:26.664858Z,895.111539600,59.788713517,300.060595814
2025-07-17,2025-07-17T04:39:10.806231Z,2025-07-17T19:32:45.136823Z,893.572176533,60.032977809,299.811385399
2025-07-18,2025-07-18T04:40:02.581555Z,2025-07-18T19:32:01.665366Z,891.984730183,60.285620115,299.553896079
2025-07-19,2025-07-19T04:40:55.256127Z,2025-07-19T19:31:16.272801Z,890.350277900,60.546522137,299.288250206
2025-07-20,2025-07-20T04:41:48.786101Z,2025-07-20T19:30:28.981930Z,888.669930483,60.815559405,299.014575962
2025-07-21,2025-07-21T04:42:43.126222Z,2025-07-21T19:29:39.815841Z,886.944826983,61.092601862,298.733006304
2025-07-22,2025-07-22T04:43:38.230187Z,2025-07-22T19:28:48.797742Z,885.176125917,61.377515175,298.443677357
2025-07-23,2025-07-23T04:44:34.051224Z,2025-07-23T19:27:55.950921Z,883.364994950,61.670162443,298.146726723
2025-07-24,2025-07-24T04:45:30.542768Z,2025-07-24T19:27:01.298895Z,881.512602117,61.970405783,297.842292241
2025-07-25,2025-07-25T04:46:27.659104Z,2025-07-25T19:26:04.865733Z,879.620110483,62.278107303,297.530511489
2025-07-26,2025-07-26T04:47:25.355858Z,2025-07-26T19:25:06.676437Z,877.688676317,62.593129323,297.211521952
2025-07-27,2025-07-27T04:48:23.590300Z,2025-07-27T19:24:06.757248Z,875.719449133,62.915334068,296.885461437
2025-07-28,2025-07-28T04:49:22.321483Z,2025-07-28T19:23:05.135804Z,873.713572017,63.244583253,296.552468387
2025-07-29,2025-07-29T04:50:21.510298Z,2025-07-29T19:22:01.841105Z,871.672180117,63.580737884,296.212681864
2025-07-30,2025-07-30T04:51:21.119474Z,2025-07-30T19:20:56.903375Z,869.596398350,63.923658366,295.866241304
2025-07-31,2025-07-31T04:52:21.113575Z,2025-07-31T19:19:50.353878Z,867.487338383,64.273204823,295.513286155
2025-08-01,2025-08-01T04:53:21.458976Z,2025-08-01T19:18:42.224749Z,865.346096217,64.629237470,295.153955544
2025-08-02,2025-08-02T04:54:22.123853Z,2025-08-02T19:17:32.548860Z,863.173750117,64.991616951,294.788387955
2025-08-03,2025-08-03T04:55:23.078186Z,2025-08-03T19:16:21.359705Z,860.971358650,65.360204645,294.416720920
2025-08-04,2025-08-04T04:56:24.293797Z,2025-08-04T19:15:08.691313Z,858.739958600,65.734862986,294.039090668
2025-08-05,2025-08-05T04:57:25.744423Z,2025-08-05T19:13:54.578169Z,856.480562433,66.115455850,293.655631698
2025-08-06,2025-08-06T04:58:27.405815Z,2025-08-06T19:12:39.055128Z,854.194155217,66.501849033,293.266476244
2025-08-07,2025-08-07T04:59:29.255854Z,2025-08-07T19:11:22.157291Z,851.881690617,66.893910853,292.871753609
2025-08-08,2025-08-08T05:00:31.274661Z,2025-08-08T19:10:03.919854Z,849.544086550,67.291512852,292.471589462
2025-08-09,2025-08-09T05:01:33.444649Z,2025-08-09T19:08:44.377925Z,847.182221267,67.694530460,292.066105324
2025-08-10,2025-08-10T05:02:35.750474Z,2025-08-10T19:07:23.566386Z,844.796931867,68.102843334,291.655418593
2025-08-11,2025-08-11T05:03:38.178787Z,2025-08-11T19:06:01.519823Z,842.389017267,68.516335042,291.239643348
2025-08-12,2025-08-12T05:04:40.717787Z,2025-08-12T19:04:38.272546Z,839.959245983,68.934891894,290.818891964
2025-08-13,2025-08-13T05:05:43.356606Z,2025-08-13T19:03:13.858659Z,837.508367550,69.358401069,290.393277171
2025-08-14,2025-08-14T05:06:46.084658Z,2025-08-14T19:01:48.312105Z,835.037124117,69.786748507,289.962913990
2025-08-15,2025-08-15T05:07:48.891069Z,2025-08-15T19:00:21.666650Z,832.546259683,70.219817169,289.527921038
2025-08-16,2025-08-16T05:08:51.764325Z,2025-08-16T18:58:53.955779Z,830.036524233,70.657486089,289.088420930
2025-08-17,2025-08-17T05:09:54.692139Z,2025-08-17T18:57:25.212539Z,827.508673333,71.099630350,288.644539847
2025-08-18,2025-08-18T05:10:57.661547Z,2025-08-18T18:55:55.469380Z,824.963463883,71.546121803,288.196406525
2025-08-19,2025-08-19T05:12:00.659163Z,2025-08-19T18:54:24.758032Z,822.401647817,71.996830247,287.744150981
2025-08-20,2025-08-20T05:13:03.671527Z,2025-08-20T18:52:53.109479Z,819.823965867,72.451624735,287.287903270
2025-08-21,2025-08-21T05:14:06.685502Z,2025-08-21T18:51:20.554021Z,817.231141983,72.910374723,286.827792515
2025-08-22,2025-08-22T05:15:09.688651Z,2025-08-22T18:49:47.121451Z,814.623880000,73.372950883,286.363946365
2025-08-23,2025-08-23T05:16:12.669553Z,2025-08-23T18:48:12.841299Z,812.002862433,73.839225464,285.896490852
2025-08-24,2025-08-24T05:17:15.618044Z,2025-08-24T18:46:37.743080Z,809.368750600,74.309072297,285.425550548
2025-08-25,2025-08-25T05:18:18.525358Z,2025-08-25T18:45:01.856504Z,806.722185767,74.782366587,284.951248777
2025-08-26,2025-08-26T05:19:21.384203Z,2025-08-26T18:43:25.211586Z,804.063789717,75.258984713,284.473707756
2025-08-27,2025-08-27T05:20:24.188785Z,2025-08-27T18:41:47.838671Z,801.394164767,75.738804147,283.993048601
2025-08-28,2025-08-28T05:21:26.934803Z,2025-08-28T18:40:09.768407Z,798.713893400,76.221703488,283.509391241
2025-08-29,2025-08-29T05:22:29.619408Z,2025-08-29T18:38:31.031694Z,796.023538100,76.707562578,283.022854318
2025-08-30,2025-08-30T05:23:32.241163Z,2025-08-30T18:36:51.659632Z,793.323641150,77.196262604,282.533555078
2025-08-31,2025-08-31T05:24:34.799997Z,2025-08-31T18:35:11.683480Z,790.614724717,77.687686207,282.041609258
2025-09-01,2025-09-01T05:25:37.297189Z,2025-09-01T18:33:31.134630Z,787.897290683,78.181717601,281.547130930
2025-09-02,2025-09-02T05:26:39.735389Z,2025-09-02T18:31:50.044600Z,785.171820183,78.678242772,281.050232263
2025-09-03,2025-09-03T05:27:42.118686Z,2025-09-03T18:30:08.445027Z,782.438772350,79.177149767,280.551023165
2025-09-04,2025-09-04T05:28:44.452715Z,2025-09-04T18:28:26.367655Z,779.698582333,79.678329150,280.049610725
2025-09-05,2025-09-05T05:29:46.744802Z,2025-09-05T18:26:43.844280Z,776.951657967,80.181674647,279.546098479
2025-09-06,2025-09-06T05:30:49.004105Z,2025-09-06T18:25:00.906643Z,774.198375633,80.687083937,279.040585652
2025-09-07,2025-09-07T05:31:51.241693Z,2025-09-07T18:23:17.586330Z,771.439077283,81.194459293,278.533166793
2025-09-08,2025-09-08T05:32:53.470424Z,2025-09-08T18:21:33.914720Z,768.674071600,81.703707602,278.023932301
2025-09-09,2025-09-09T05:33:55.704553Z,2025-09-09T18:19:49.923022Z,765.903641150,82.214739287,277.512970141
2025-09-10,2025-09-10T05:34:57.959045Z,2025-09-10T18:18:05.642378Z,763.128055550,82.727466055,277.000368493
2025-09-11,2025-09-11T05:36:00.248744Z,2025-09-11T18:16:21.103960Z,760.347586933,83.241798044,276.486218520
2025-09-12,2025-09-12T05:37:02.587604Z,2025-09-12T18:14:36.338971Z,757.562522783,83.757641306,275.970616312
2025-09-13,2025-09-13T05:38:04.988180Z,2025-09-13T18:12:51.378536Z,754.773172600,84.274896463,275.453663487
2025-09-14,2025-09-14T05:39:07.461456Z,2025-09-14T18:11:06.253507Z,751.979867517,84.793458721,274.935466583
2025-09-15,2025-09-15T05:40:10.016957Z,2025-09-15T18:09:20.994278Z,749.182955350,85.313218870,274.416135817
2025-09-16,2025-09-16T05:41:12.663011Z,2025-09-16T18:07:35.630666Z,746.382794250,85.834064641,273.895783754
2025-09-17,2025-09-17T05:42:15.407047Z,2025-09-17T18:05:50.191886Z,743.579747317,86.355881957,273.374524230
2025-09-18,2025-09-18T05:43:18.255879Z,2025-09-18T18:04:04.706602Z,740.774178717,86.878555854,272.852471614
2025-09-19,2025-09-19T05:44:21.215940Z,2025-09-19T18:02:19.203035Z,737.966451583,87.401971085,272.329740363
2025-09-20,2025-09-20T05:45:24.293490Z,2025-09-20T18:00:33.709095Z,735.156926750,87.926012431,271.806444828
2025-09-21,2025-09-21T05:46:27.494768Z,2025-09-21T17:58:48.252550Z,732.345963033,88.450564799,271.282699256
2025-09-22,2025-09-22T05:47:30.826115Z,2025-09-22T17:57:02.861194Z,729.533917983,88.975513159,270.758617893
2025-09-23,2025-09-23T05:48:34.294065Z,2025-09-23T17:55:17.562994Z,726.721148817,89.500742415,270.234315106
2025-09-24,2025-09-24T05:49:37.905407Z,2025-09-24T17:53:32.386196Z,723.908013150,90.026137315,269.709905439
2025-09-25,2025-09-25T05:50:41.667231Z,2025-09-25T17:51:47.359368Z,721.094868950,90.551582424,269.185503596
2025-09-26,2025-09-26T05:51:45.586937Z,2025-09-26T17:50:02.511422Z,718.282074750,91.076962168,268.661224402
2025-09-27,2025-09-27T05:52:49.672243Z,2025-09-27T17:48:17.871634Z,715.469989850,91.602160879,268.137182745
2025-09-28,2025-09-28T05:53:53.931155Z,2025-09-28T17:46:33.469610Z,712.658974250,92.127062848,267.613493521
2025-09-29,2025-09-29T05:54:58.371936Z,2025-09-29T17:44:49.335297Z,709.849389350,92.651552402,267.090271534
2025-09-30,2025-09-30T05:56:03.003177Z,2025-09-30T17:43:05.499077Z,707.041598333,93.175514037,266.567631331
2025-10-01,2025-10-01T05:57:07.833916Z,2025-10-01T17:41:21.991755Z,704.235963983,93.698832636,266.045686925
2025-10-02,2025-10-02T05:58:12.873677Z,2025-10-02T17:39:38.844531Z,701.432847567,94.221393816,265.524551361
2025-10-03,2025-10-03T05:59:18.132608Z,2025-10-03T17:37:56.089044Z,698.632607267,94.743084500,265.004336004
2025-10-04,2025-10-04T06:00:23.621789Z,2025-10-04T17:36:13.757404Z,695.835593583,95.263793774,264.485149602
2025-10-05,2025-10-05T06:01:29.353485Z,2025-10-05T17:34:31.882042Z,693.042142617,95.783413880,263.967097371
2025-10-06,2025-10-06T06:02:35.341179Z,2025-10-06T17:32:50.495614Z,690.252573917,96.301840880,263.450280762
2025-10-07,2025-10-07T06:03:41.599400Z,2025-10-07T17:31:09.631062Z,687.467194367,96.818974263,262.934798553
2025-10-08,2025-10-08T06:04:48.143216Z,2025-10-08T17:29:29.321843Z,684.686310450,97.334715003,262.420749483
2025-10-09,2025-10-09T06:05:54.987339Z,2025-10-09T17:27:49.601886Z,681.910242450,97.848962334,261.908235694
2025-10-10,2025-10-10T06:07:02.144913Z,2025-10-10T17:26:10.505621Z,679.139345133,98.361610362,261.397365637
2025-10-11,2025-10-11T06:08:09.626862Z,2025-10-11T17:24:32.068061Z,676.374019983,98.872545906,260.888255341
2025-10-12,2025-10-12T06:09:17.441594Z,2025-10-12T17:22:54.324304Z,673.614711833,99.381648192,260.381027920
2025-10-13,2025-10-13T06:10:25.594813Z,2025-10-13T17:21:17.309364Z,670.861909183,99.888790058,259.875812031
2025-10-14,2025-10-14T06:11:34.089991Z,2025-10-14T17:19:41.057901Z,668.116131833,100.393839690,259.372740201
2025-10-15,2025-10-15T06:12:42.928563Z,2025-10-15T17:18:05.604162Z,665.377926650,100.896662118,258.871947582
2025-10-16,2025-10-16T06:13:52.110196Z,2025-10-16T17:16:30.981880Z,662.647861400,101.397120168,258.373571224
2025-10-17,2025-10-17T06:15:01.632895Z,2025-10-17T17:14:57.224549Z,659.926527567,101.895074967,257.877749725
2025-10-18,2025-10-18T06:16:11.493345Z,2025-10-18T17:13:24.365470Z,657.214535417,102.390386191,257.384623075
2025-10-19,2025-10-19T06:17:21.686857Z,2025-10-19T17:11:52.437780Z,654.512515383,102.882912164,256.894332601
2025-10-20,2025-10-20T06:18:32.207450Z,2025-10-20T17:10:21.474595Z,651.821119083,103.372509854,256.407021012
2025-10-21,2025-10-21T06:19:43.047914Z,2025-10-21T17:08:51.509086Z,649.141019533,103.859034783,255.922832498
2025-10-22,2025-10-22T06:20:54.199857Z,2025-10-22T17:07:22.574726Z,646.472914483,104.342340937,255.441912802
2025-10-23,2025-10-23T06:22:05.653802Z,2025-10-23T17:05:54.705114Z,643.817521867,104.822280728,254.964409242
2025-10-24,2025-10-24T06:23:17.399060Z,2025-10-24T17:04:27.934305Z,641.175587417,105.298705024,254.490470652
2025-10-25,2025-10-25T06:24:29.424073Z,2025-10-25T17:03:02.296702Z,638.547877150,105.771463209,254.020247306
2025-10-26,2025-10-26T06:25:41.716165Z,2025-10-26T17:01:37.827107Z,635.935182367,106.240403257,253.553890833
2025-10-27,2025-10-27T06:26:54.261668Z,2025-10-27T17:00:14.560663Z,633.338316583,106.705371844,253.091554094
2025-10-28,2025-10-28T06:28:07.045907Z,2025-10-28T16:58:52.533010Z,630.758118383,107.166214535,252.633390976
2025-10-29,2025-10-29T06:29:20.053439Z,2025-10-29T16:57:31.780251Z,628.195446867,107.622776033,252.179556108
2025-10-30,2025-10-30T06:30:33.268019Z,2025-10-30T16:56:12.338860Z,625.651180683,108.074900523,251.730204455
2025-10-31,2025-10-31T06:31:46.672721Z,2025-10-31T16:54:54.245732Z,623.126216850,108.522432161,251.285490715
2025-11-01,2025-11-01T06:33:00.250305Z,2025-11-01T16:53:37.538351Z,620.621467433,108.965215865,250.845568417
2025-11-02,2025-11-02T06:34:13.983651Z,2025-11-02T16:52:22.254639Z,618.137849800,109.403098407,250.410588776
2025-11-03,2025-11-03T06:35:27.855920Z,2025-11-03T16:51:08.432828Z,615.676281800,109.835929517,249.980699777
2025-11-04,2025-11-04T06:36:41.850711Z,2025-11-04T16:49:56.111546Z,613.237680583,110.263562309,249.556046276
2025-11-05,2025-11-05T06:37:55.951837Z,2025-11-05T16:48:45.329937Z,610.822968333,110.685852244,249.136771802
2025-11-06,2025-11-06T06:39:10.142448Z,2025-11-06T16:47:36.127688Z,608.433087333,111.102654397,248.723021829
2025-11-07,2025-11-07T06:40:24.403864Z,2025-11-07T16:46:28.545161Z,606.069021617,111.513819835,248.314947247
2025-11-08,2025-11-08T06:41:38.714655Z,2025-11-08T16:45:22.623321Z,603.731811100,111.919192750,247.912706390
2025-11-09,2025-11-09T06:42:53.049991Z,2025-11-09T16:44:18.403232Z,601.422554017,112.318609620,247.516464907
2025-11-10,2025-11-10T06:44:07.381437Z,2025-11-10T16:43:15.925583Z,599.142402433,112.711900475,247.126393987
2025-11-11,2025-11-11T06:45:21.677229Z,2025-11-11T16:42:15.230052Z,596.892547050,113.098891155,246.742668129
2025-11-12,2025-11-12T06:46:35.902484Z,2025-11-12T16:41:16.355039Z,594.674209250,113.479405382,246.365463356
2025-11-13,2025-11-13T06:47:50.019628Z,2025-11-13T16:40:19.337617Z,592.488633150,113.853266061,245.994956198
2025-11-14,2025-11-14T06:49:03.988672Z,2025-11-14T16:39:24.213695Z,590.337083717,114.220295919,245.631323232
2025-11-15,2025-11-15T06:50:17.767496Z,2025-11-15T16:38:31.018084Z,588.220843133,114.580317812,245.274740866
2025-11-16,2025-11-16T06:51:31.311860Z,2025-11-16T16:37:39.784284Z,586.141207067,114.933154934,244.925385160
2025-11-17,2025-11-17T06:52:44.575400Z,2025-11-17T16:36:50.544627Z,584.099487117,115.278630996,244.583431666
2025-11-18,2025-11-18T06:53:57.509986Z,2025-11-18T16:36:03.330447Z,582.097007683,115.616570338,244.249055314
2025-11-19,2025-11-19T06:55:10.065834Z,2025-11-19T16:35:18.172046Z,580.135103533,115.946798004,243.922430339
2025-11-20,2025-11-20T06:56:22.191505Z,2025-11-20T16:34:35.098642Z,578.215118950,116.269139845,243.603730181
2025-11-21,2025-11-21T06:57:33.834013Z,2025-11-21T16:33:54.138397Z,576.338406400,116.583422691,243.293127297
2025-11-22,2025-11-22T06:58:44.939050Z,2025-11-22T16:33:15.318497Z,574.506324117,116.889474566,242.990792927
2025-11-23,2025-11-23T06:59:55.451153Z,2025-11-23T16:32:38.665069Z,572.720231933,117.187124925,242.696896826
2025-11-24,2025-11-24T07:01:05.313761Z,2025-11-24T16:32:04.203138Z,570.981489617,117.476204945,242.411606946
2025-11-25,2025-11-25T07:02:14.469448Z,2025-11-25T16:31:31.956694Z,569.291454100,117.756547917,242.135089033
2025-11-26,2025-11-26T07:03:22.860266Z,2025-11-26T16:31:01.948727Z,567.651474350,118.027989741,241.867506103
2025-11-27,2025-11-27T07:04:30.427974Z,2025-11-27T16:30:34.201057Z,566.062884717,118.290369500,241.609017827
2025-11-28,2025-11-28T07:05:37.114227Z,2025-11-28T16:30:08.734331Z,564.527001733,118.543530107,241.359779829
2025-11-29,2025-11-29T07:06:42.861034Z,2025-11-29T16:29:45.568069Z,563.045117250,118.787319105,241.119942809
2025-11-30,2025-11-30T07:07:47.611213Z,2025-11-30T16:29:24.720599Z,561.618489767,119.021589703,240.889651465
2025-12-01,2025-12-01T07:08:51.308846Z,2025-12-01T16:29:06.208993Z,560.248335783,119.246201934,240.669043402
2025-12-02,2025-12-02T07:09:53.899723Z,2025-12-02T16:28:50.049168Z,558.935824083,119.461023430,240.458248638
2025-12-03,2025-12-03T07:10:55.331451Z,2025-12-03T16:28:36.255947Z,557.682074933,119.665929162,240.257390416
2025-12-04,2025-12-04T07:11:55.552971Z,2025-12-04T16:28:24.843234Z,556.488171050,119.860799679,240.066587542
2025-12-05,2025-12-05T07:12:54.513801Z,2025-12-05T16:28:15.824203Z,555.355173367,120.045518225,239.885957402
2025-12-06,2025-12-06T07:13:52.163130Z,2025-12-06T16:28:09.211043Z,554.284131883,120.219968046,239.715618106
2025-12-07,2025-12-07T07:14:48.449049Z,2025-12-07T16:28:05.014436Z,553.276089783,120.384031378,239.555688557
2025-12-08,2025-12-08T07:15:43.318384Z,2025-12-08T16:28:03.242764Z,552.332073000,120.537590661,239.406286550
2025-12-09,2025-12-09T07:16:36.716914Z,2025-12-09T16:28:03.901358Z,551.453074067,120.680531191,239.267526029
2025-12-10,2025-12-10T07:17:28.589862Z,2025-12-10T16:28:06.991979Z,550.640035283,120.812743796,239.139514724
2025-12-11,2025-12-11T07:18:18.882340Z,2025-12-11T16:28:12.512594Z,549.893837567,120.934126598,239.022352762
2025-12-12,2025-12-12T07:19:07.539690Z,2025-12-12T16:28:20.457413Z,549.215295383,121.044585782,238.916132132
2025-12-13,2025-12-13T07:19:54.507786Z,2025-12-13T16:28:30.817127Z,548.605155683,121.144035799,238.820936592
2025-12-14,2025-12-14T07:20:39.733315Z,2025-12-14T16:28:43.578972Z,548.064094283,121.232399415,238.736841644
2025-12-15,2025-12-15T07:21:23.163919Z,2025-12-15T16:28:58.726848Z,547.592715483,121.309607788,238.663914448
2025-12-16,2025-12-16T07:22:04.748486Z,2025-12-16T16:29:16.241482Z,547.191549933,121.375600534,238.602213737
2025-12-17,2025-12-17T07:22:44.437323Z,2025-12-17T16:29:36.100468Z,546.861052417,121.430325752,238.551789811
2025-12-18,2025-12-18T07:23:22.182212Z,2025-12-18T16:29:58.278321Z,546.601601817,121.473740020,238.512684516
2025-12-19,2025-12-19T07:23:57.936570Z,2025-12-19T16:30:22.746677Z,546.413501783,121.505808297,238.484931228
2025-12-20,2025-12-20T07:24:31.655668Z,2025-12-20T16:30:49.474420Z,546.296979200,121.526503996,238.468555093
2025-12-21,2025-12-21T07:25:03.296691Z,2025-12-21T16:31:18.427720Z,546.252183817,121.535808862,238.463572988
2025-12-22,2025-12-22T07:25:32.818892Z,2025-12-22T16:31:49.570277Z,546.279189750,121.533712898,238.469993493
2025-12-23,2025-12-23T07:26:00.183825Z,2025-12-23T16:32:22.863499Z,546.377994567,121.520214348,238.487816920
2025-12-24,2025-12-24T07:26:25.355530Z,2025-12-24T16:32:58.266691Z,546.548519350,121.495319802,238.517035165
2025-12-25,2025-12-25T07:26:48.300821Z,2025-12-25T16:33:35.737247Z,546.790607100,121.459044414,238.557631461
2025-12-26,2025-12-26T07:27:08.989576Z,2025-12-26T16:34:15.230874Z,547.104021633,121.411412158,238.609580090
2025-12-27,2025-12-27T07:27:27.395040Z,2025-12-27T16:34:56.701797Z,547.488445950,121.352456104,238.672846079
2025-12-28,2025-12-28T07:27:43.494097Z,2025-12-28T16:35:40.103000Z,547.943481717,121.282218716,238.747384919
2025-12-29,2025-12-29T07:27:57.267534Z,2025-12-29T16:36:25.386355Z,548.468647017,121.200752122,238.833142375
2025-12-30,2025-12-30T07:28:08.700169Z,2025-12-30T16:37:12.502934Z,549.063379417,121.108118085,238.930054697
2025-12-31,2025-12-31T07:28:17.780983Z,2025-12-31T16:38:01.403504Z,549.727042017,121.004387287,239.038049652
